grid_lat,grid_lon,point_count,avg_speed_kmh,std_speed_kmh,distinct_users
39.980000000000004,116.33,1108449,11.703722598420773,16.41853092917206,172
40.01,116.32000000000001,536313,7.795652647117145,10.838995881723234,73
39.99,116.33,509601,12.928692928437549,17.02323900328982,128
39.97,116.33,494032,9.11997031357067,14.401426575654451,148
40.0,116.33,375242,11.912286782925268,15.417102882340407,93
39.97,116.42,327322,10.02850476496541,13.195393360284026,62
39.980000000000004,116.31,321478,13.487483771633952,16.605861605202463,120
40.0,116.32000000000001,300330,10.969983204775064,7.9322635182413945,54
39.97,116.31,282733,11.467975749096837,13.448243697813682,117
39.980000000000004,116.32000000000001,280080,17.34991820647087,20.96259524735493,126
39.980000000000004,116.34,232409,11.21350727630555,15.1431828415694,125
39.99,116.35000000000001,206257,22.27591316635826,23.268244337786452,105
39.980000000000004,116.3,198694,12.657409156424928,17.367023791313713,96
39.980000000000004,116.45,181977,24.303653447842162,20.053687140527085,56
39.99,116.3,180934,6.888351216225578,8.04847944031331,55
39.97,116.3,177992,10.026578295581345,13.552266652167448,85
39.980000000000004,116.35000000000001,175730,13.349506080158521,17.868921680401588,105
39.99,116.45,164255,9.85544053349536,14.842797909737136,25
39.99,116.31,160036,12.05975155394651,13.715162575528788,95
39.99,116.42,154337,16.876074329713695,18.981779321461136,77
39.97,116.34,143049,16.189419198560007,20.787618771785787,124
40.07,116.33,134289,8.749919497602273,13.592353817217084,42
39.97,116.32000000000001,123270,16.46142837187398,16.986755973785662,119
39.93,116.47,120743,11.930693270504044,15.993837231638269,29
39.97,116.35000000000001,102933,28.773262070124428,21.47375497108861,98
39.980000000000004,116.42,100556,13.77312701766639,11.641433569778961,34
40.0,116.42,99802,6.589450743051783,9.996416021580108,14
39.99,116.34,99472,37.06545779237448,21.353736140948897,109
39.99,116.32000000000001,98091,14.57864109424161,15.649186544650805,100
39.97,116.41,93390,22.297023895815478,18.88222805220619,63
39.94,116.35000000000001,92736,21.375147353959417,19.19617838450043,110
39.99,116.37,92233,41.65501043015622,20.821742478531174,93
39.97,116.4,89703,26.16797776238508,21.40600555516964,68
39.99,116.38,88836,37.22267620061477,22.097886287884684,85
39.96,116.42,87224,12.465261340406869,11.954425817146713,29
39.99,116.36,86701,36.1803347365638,22.983799087842456,88
40.08,116.33,82305,8.249830892988946,9.890541026536576,19
40.07,116.31,81496,26.565474368454765,24.87883267992886,68
39.910000000000004,116.47,81322,12.332420094733184,15.185286496703162,42
39.93,116.34,80960,10.493975013413754,13.988991836406672,45
39.95,116.42,79285,12.043063797798913,15.187459617748937,47
40.050000000000004,116.4,77621,11.776061650547053,19.7598146315421,36
39.99,116.39,76084,27.86693564529777,24.626501679694446,84
40.0,116.31,73022,14.778502071663508,14.474396616705297,66
40.0,116.34,71320,8.097949350002704,12.354392743455884,40
39.99,116.41,70322,29.347227432821096,23.26716523535834,82
39.97,116.39,69831,33.57048772903925,18.50263362142793,71
40.01,116.31,67173,13.426139588853301,16.53914591442489,44
39.97,116.37,67034,34.50073617034586,19.621426791584827,80
39.980000000000004,116.36,66413,13.77786645854081,14.346525119122171,66
39.9,116.34,64420,13.277865539637203,15.424628765698074,55
39.97,116.36,62953,26.36506396513106,20.615633077930273,88
39.97,116.38,62491,29.550980474193473,19.057665066072026,76
39.99,116.4,61584,33.37110706013431,23.23826732914597,83
40.06,116.4,61056,6.302051924500057,12.328035312876818,28
40.03,116.43,58257,12.44310148701473,16.373238309020998,10
40.03,116.31,55020,19.28548719502869,21.170454462537464,66
39.92,116.47,54936,18.160155795722556,17.065086212381683,23
39.910000000000004,116.37,53610,13.178383610312553,15.338926647239568,57
40.0,116.38,51530,19.26865103724643,22.905684598774215,36
39.95,116.32000000000001,51145,16.313844441959084,15.923608105332528,73
39.92,116.35000000000001,51071,21.749372886984503,17.178389289433376,62
39.93,116.43,50681,11.97938853948577,16.83561976344921,44
39.910000000000004,116.35000000000001,49956,20.850824643117512,17.212928354614526,52
39.94,116.32000000000001,49613,18.982145366731874,17.781209797674645,74
40.08,116.32000000000001,49570,12.921161980759392,14.9921827732408,25
39.96,116.3,48604,21.667004374271396,20.12865966065148,71
40.01,116.35000000000001,48435,36.78788976539998,20.547272202451374,59
39.95,116.36,48374,11.818577353979604,18.284143322959366,58
39.95,116.37,46913,26.740505433856725,23.29136667897932,71
39.96,116.36,46856,13.128393898497356,16.03499321334012,60
39.95,116.31,46415,5.805257570958399,10.935145911502106,31
40.04,116.33,46311,18.711677125154427,25.56194554272954,50
40.03,116.41,45737,11.610264037243065,16.892597869411013,33
39.86,116.26,44531,21.89733544769943,17.130793105631103,6
39.93,116.35000000000001,44497,26.136624408672517,17.949376381353368,62
40.050000000000004,116.3,43744,27.42880507344362,28.433306906850518,58
39.87,116.49000000000001,43570,7.138270386325283,13.786357420792873,27
39.97,116.46000000000001,43323,45.54991032041854,19.48111591236605,56
39.82,119.48,43089,4.234457657839978,5.925159127330892,13
39.99,116.44,42846,37.72604818880784,26.998546444232627,77
39.93,116.46000000000001,42660,25.024359988806594,21.6254894244615,49
39.99,116.2,42594,7.132780562844219,10.638191691820113,24
39.97,116.43,41512,29.283881910837884,23.18962647255059,66
39.96,116.32000000000001,40333,19.611700725701528,18.24964753117774,80
39.95,116.27,39978,28.10094317605316,24.753957770938804,46
39.96,116.44,39862,24.54879695923348,22.57325439637661,62
39.97,116.44,39861,19.319017127434265,18.662622416344753,45
40.0,116.35000000000001,39414,32.63677226498945,20.33538882926483,55
39.94,116.3,39121,21.249419789444666,20.35780246541373,70
40.03,116.34,38786,31.19542836615724,24.796600936945485,55
39.9,116.39,38701,7.828614938482823,12.108363471193599,54
39.92,116.34,38696,17.890423287128964,16.64568065878167,44
40.02,116.31,38543,21.851627324086884,21.25208522417664,47
40.02,116.35000000000001,38137,41.24806661876263,26.03040671365795,59
39.92,116.3,37838,18.01415402477664,20.242556990201678,61
40.0,116.36,36644,24.898018687619512,21.59155251850514,58
39.94,116.43,36556,17.897125668439326,20.357349832709318,45
39.92,116.46000000000001,36499,23.984612394574743,20.665207542869254,47
39.96,116.41,35780,19.401055280513013,16.68934806842092,28
39.96,116.35000000000001,35760,31.295697528901904,21.77676222835438,74
39.99,116.46000000000001,35743,21.2619350402855,17.53503188539437,21
39.95,116.49000000000001,35679,4.805698548872679,10.51372897475933,5
40.07,116.41,35638,8.733516284937775,14.662927668889736,20
39.93,116.3,35481,20.229326994131238,20.0564045266886,59
39.910000000000004,116.46000000000001,34552,21.690964264819797,20.93344707532899,50
39.95,116.41,34524,23.90573898368531,20.233172755230154,48
39.910000000000004,116.45,34447,14.975280285816927,18.26141357485716,47
39.980000000000004,116.37,34435,32.014671680751306,21.903583409743305,64
39.99,116.43,34221,40.756545115890326,24.345515428985426,68
39.96,116.45,34024,36.5979470262504,22.68148096780773,58
39.980000000000004,116.38,34005,30.51229407701839,20.31370308592996,61
39.95,116.35000000000001,33640,30.110053224230548,23.867967064629113,92
39.94,116.42,33625,11.609971070145278,12.257246083685994,21
39.95,116.8,33581,9.017793625943828,11.837303813100865,7
40.07,116.42,33092,5.354744415846314,7.835241361951431,8
39.9,116.38,33043,9.865878759230108,12.495365421319043,43
40.050000000000004,116.41,32652,24.584635835083752,23.671242100069026,39
40.01,116.36,31605,32.651269251977794,25.305330381182817,48
40.01,116.34,31510,24.872599465825104,16.726542113310177,23
39.94,116.33,31469,16.61640667707975,18.550008295738987,55
40.06,116.41,31418,20.916970001940406,22.935611879811308,25
39.96,116.4,31385,15.365660276657305,18.23962493797603,33
40.0,116.37,31320,28.851574255851965,19.64680296293719,57
39.96,116.27,31295,33.13179837739762,27.6347114982376,42
39.87,116.26,30793,26.179964527610473,19.90571110594864,27
39.95,116.4,30784,26.349496482059056,20.962756742829818,51
46.62,124.92,30609,4.002296707313275,7.943434200536781,1
39.94,116.34,30397,17.92693702620738,19.48431678372133,66
39.910000000000004,116.27,30276,32.47078827793922,25.86740496499499,49
40.02,116.34,29617,23.198874321390246,22.3112938844648,48
40.01,116.46000000000001,29394,19.39824017134652,19.861752352711846,33
40.04,116.31,28977,47.79277598021695,22.211644723143905,66
39.96,116.28,27951,12.292378073211948,14.302069867303462,32
39.95,116.46000000000001,27947,29.372453279454685,21.86825209440964,54
39.9,116.37,27941,20.401683639404734,16.331367831725018,52
39.94,116.46000000000001,27905,34.354198544241676,21.522397086172656,46
39.910000000000004,116.41,27900,13.850907821098579,16.893328045504568,49
39.980000000000004,116.4,27597,22.11736935489175,20.560643329777527,48
40.07,116.32000000000001,27115,32.716328373674486,26.144272242495354,51
40.04,116.41,27059,28.74110211499907,22.693139091452366,33
39.980000000000004,116.41,26976,15.467754520578659,17.81295644856278,31
39.9,116.42,26919,10.20901055613509,14.246535663036605,61
39.95,116.3,26891,26.991167834625298,20.510428895405873,61
40.0,116.39,26611,13.22125724897331,18.841319620690008,38
39.93,116.48,26509,25.765089055238118,23.24347840451154,36
39.980000000000004,116.29,26238,42.987695251010855,23.34959703232296,65
22.81,108.33,26151,4.837751416845126,7.575421238674186,1
40.01,116.33,25858,46.79153832149283,27.16385831666347,68
39.96,116.33,25844,19.88446436661076,17.763100847101292,64
40.09,116.3,25375,16.23894416740489,23.46229838482199,41
39.980000000000004,116.44,25296,38.53634114360215,23.407943124268513,68
39.910000000000004,116.34,25290,15.63374615851871,16.697571998912128,34
39.96,116.31,25143,25.808552546201447,21.767444036071847,69
40.01,116.3,24937,7.11519104941134,16.9453087784002,32
40.07,116.4,24567,3.2356937055839525,6.736034760727045,13
39.9,116.35000000000001,24469,27.47961482170195,18.71872665153161,54
39.9,116.26,24464,16.381311597484192,17.5462240343796,24
40.09,116.31,24292,4.807140059210157,8.20988887873839,6
39.97,116.10000000000001,24164,0.8991781272522067,2.5474029012245714,2
40.0,116.29,24127,16.61619379844177,20.223530756765932,62
39.89,116.34,24071,25.773086970369498,19.516432126709116,44
39.980000000000004,116.39,23970,32.8344010840166,22.591655086533574,45
40.0,116.46000000000001,23893,22.540133816324545,17.1367899258708,20
40.0,116.27,23790,7.12270770688916,12.84672463971866,38
40.02,116.4,23780,43.561974247281896,25.01041433427527,31
39.89,116.45,23753,7.772139277965125,13.618909274230106,28
40.02,116.44,23721,42.6132168487484,20.109120698717906,25
40.02,116.32000000000001,23658,60.539156446583554,19.240975650196624,64
40.02,116.45,23470,50.14805233169471,25.439184468684278,60
39.910000000000004,116.39,23095,12.586384744682865,16.43653165685306,51
39.93,116.45,23009,10.540246060577838,13.817815590091643,34
40.0,116.4,22788,16.485357014938106,17.125574681220193,41
39.9,116.27,22715,40.50050121907472,26.03384489285426,39
39.93,116.33,22560,12.723671077671376,15.14530393852348,45
39.910000000000004,116.4,22434,14.91105681523566,17.616765529811072,43
39.92,116.27,22001,45.65102240664847,21.935646447778844,45
39.910000000000004,116.3,21965,24.213915583222963,21.723801902741506,63
47.63,-122.14,21900,6.668526625281152,12.249365421400377,7
39.95,116.79,21222,13.662937419934478,12.403915290773062,7
39.92,116.31,21167,8.273504680340698,14.076851966371692,32
39.87,116.37,21090,27.28366624948106,21.818706126810195,33
40.03,116.42,21058,16.575903975323033,19.56096914769712,9
40.06,116.57000000000001,20722,1.9952471662700186,6.975942110941743,5
40.03,116.35000000000001,20509,13.213969964048271,16.072496337097295,39
39.99,116.48,20423,23.964735380900173,27.806260876550727,51
39.87,116.35000000000001,20246,20.513922531520194,21.825305717460026,28
39.99,116.29,20166,32.80987185124487,20.088952207864157,52
40.0,116.2,19988,2.4375797198503397,5.515476449510224,11
39.9,116.32000000000001,19918,16.86696485075434,18.133326271437515,47
39.94,116.48,19904,35.10539006369095,25.889767303492487,32
39.97,116.27,19864,46.88646338183248,24.90946080263183,47
40.01,116.45,19718,51.037745306402165,21.631544198095803,57
39.82,116.28,19697,7.217269955614483,13.338588781951032,14
40.0,116.41,19563,18.084558261164656,20.78741055314852,37
39.95,116.45,19373,34.46466470292041,22.668429466879218,54
40.04,116.32000000000001,19105,11.062490166661089,14.997759900244095,25
39.910000000000004,116.36,19043,25.44533994948163,17.029159676973794,37
39.87,116.39,18816,38.74506003815938,27.859890249519854,42
39.94,116.27,18815,43.865516280997674,22.700874042444546,42
39.93,116.27,18707,46.96936118287392,20.970660167465134,43
39.86,116.37,18516,28.23312180691857,23.280363945515514,38
39.88,116.26,18273,14.120824632543096,11.56898166166513,5
39.92,116.37,18240,13.85224935372369,13.627267751002941,44
39.86,116.39,18221,20.35321982153263,20.61749968608661,36
40.01,116.38,18193,38.75038557676099,27.78536335735049,24
40.06,116.32000000000001,18185,44.39156020457608,32.945819903985615,52
40.03,116.4,18164,33.3637095738362,20.813750238047042,21
39.96,116.34,18030,38.91426388469934,27.836184986115143,83
39.94,116.37,17968,11.362308225665998,13.02060987421565,51
39.87,116.34,17912,33.21709733069354,20.942318323446216,37
40.03,116.3,17855,9.674420934822729,15.316479122911693,29
39.910000000000004,116.43,17645,26.027548686423902,20.25965266844226,48
39.96,116.37,17499,40.77855848092899,22.873229377275514,63
39.9,116.3,17485,28.686513782909522,19.768198940288556,50
39.88,116.27,17456,44.31482640889987,24.113396438563672,40
39.87,116.27,17428,39.325454201174914,25.302547666258345,38
39.980000000000004,116.46000000000001,17296,18.244531307889375,19.783315887685525,52
40.0,116.28,17295,27.97568556703978,23.350040984010402,55
39.95,116.33,17222,18.628545508292547,17.11261719368737,45
39.93,116.39,17071,11.339805200504296,15.000407458749482,41
39.95,116.48,17027,43.48451124784576,22.26961077143823,35
39.93,116.4,16941,10.477934367881934,15.198617542421449,39
39.87,116.38,16854,38.6365215668175,23.579186604745118,35
39.94,116.39,16807,6.326863694785203,9.556722976269803,37
39.86,116.41,16790,15.144007147570209,17.358399619079087,35
39.89,116.26,16745,15.644364124460223,14.33247290854229,19
39.87,116.36,16561,24.649087691448877,23.534223144219148,24
40.050000000000004,116.32000000000001,16545,27.89791034503829,28.68166465123608,51
39.88,116.34,16523,28.736885033908255,20.92759356657323,34
39.88,116.3,16452,19.073971245897358,20.139991848783293,34
40.04,116.3,16375,23.24855809013046,19.330087416910228,54
39.910000000000004,116.44,16339,15.656546746825155,17.29039098424525,38
39.910000000000004,116.48,16213,35.10409414119751,24.271541255238102,51
39.96,116.48,15964,43.69661485709294,21.563014268890626,36
39.89,116.37,15757,22.63226514369469,20.560457558848913,30
40.02,116.38,15723,56.476726322984376,20.507296326252415,26
31.59,120.31,15715,11.491601292760615,12.707136351089195,6
39.88,116.41,15689,5.744513790926729,10.689270853133166,28
39.93,116.32000000000001,15628,15.948657851661027,16.857080142041198,54
40.04,116.43,15558,24.432966619428555,21.470138165157948,20
39.93,116.42,15545,15.339994570194937,16.858052502243567,27
39.97,116.47,15530,46.87585052041076,21.026602808914426,55
40.17,116.13,15476,5.741312744707286,7.477233375748081,3
39.93,116.37,15372,17.94276419917078,15.838343475568388,47
39.94,116.4,15298,8.965227409041793,11.290392523535811,31
39.97,116.48,15278,16.672871626690828,17.487659610358193,17
39.9,116.46000000000001,15215,27.069763157023463,24.093583264162728,43
40.01,116.28,15195,44.95202018546265,22.460424345422343,42
39.980000000000004,116.47,15150,38.22313989183867,27.3226103632141,55
40.08,116.59,15004,8.84740554183658,12.435446091967327,21
39.86,116.28,14967,45.907180635680845,20.9318603647163,25
39.89,116.27,14959,50.94623642876471,19.16128486305191,40
39.95,116.78,14922,13.085456697164988,18.534644540090063,5
39.99,116.47,14861,24.82201692665512,18.61482401077853,17
39.95,116.39,14843,37.66774456957337,21.998170572069444,54
39.96,116.49000000000001,14668,16.70811680891878,14.756872003199199,11
40.0,116.5,14626,37.10033784098483,30.060124027274295,53
39.92,116.43,14442,22.826856986203136,21.391226042282785,39
39.95,116.44,14310,26.980986690028335,25.22865714543411,31
39.87,116.45,14299,25.084042742573608,30.929435321452477,43
39.910000000000004,116.59,14287,27.6611779468951,22.965156759108655,26
39.88,116.37,14239,19.341060459373463,20.064733782016546,16
40.03,116.32000000000001,14163,43.513140938272294,27.331900124950586,62
40.02,116.28,14062,29.557057000098432,18.776891104425886,30
39.96,116.29,13914,23.003331153024526,19.720190553126912,39
39.95,116.47,13873,17.242661337704458,18.90822868559247,18
40.03,116.44,13589,31.34392237760894,19.111840251335128,21
39.99,116.19,13564,4.000464908842247,5.416981723308519,15
39.94,116.31,13563,15.997138888117776,22.271195498044396,49
40.02,116.39,13545,44.73186086180944,30.217320522175843,27
39.14,117.2,13497,27.659558665164436,18.938250311139203,16
39.89,116.39,13497,13.409910820576025,16.382115441811948,37
40.0,116.45,13442,39.928695230209605,25.7593550595443,55
40.050000000000004,116.29,13405,15.359151408828499,14.991132304737839,16
39.94,116.36,13376,25.95791267851409,20.078274060490518,48
40.050000000000004,116.61,13370,19.60214382465891,22.66353498901644,26
40.01,116.39,13340,11.90786219393637,19.04607242962726,17
39.89,116.46000000000001,13308,22.731722706569155,24.26679626558155,38
39.95,116.38,13282,40.41482183906462,19.00352046944466,45
39.93,116.38,13239,11.077975202191421,14.83633854637822,39
39.99,116.27,12889,4.167272693369904,6.743384980587508,21
40.02,116.43,12845,47.34976114753844,24.483081203487572,25
39.980000000000004,116.48,12781,35.563025952666464,28.832579092371308,52
39.910000000000004,116.38,12686,17.684952046692075,17.555716470120036,40
39.88,116.45,12594,19.02597076843158,18.96214346983822,36
39.7,116.33,12505,13.976612145852068,23.38568330597701,7
40.04,116.34,12500,28.41962346085543,25.559280736007643,52
39.86,116.42,12481,25.45311854460443,19.923673337974552,33
39.910000000000004,116.42,12446,24.105433722365238,20.340092644867525,49
39.96,116.43,12319,15.508342967377127,21.03537660835165,35
40.0,116.3,12312,18.941939161699118,17.240129736041887,42
40.08,116.3,12298,41.65695592894055,30.56431264751579,40
39.96,116.46000000000001,12265,30.684852636691716,26.95843525125158,34
39.9,116.41,12173,13.596876564368792,15.635582279521044,42
40.050000000000004,116.33,12101,44.395664652035286,32.14048218322703,46
39.9,116.21000000000001,12096,20.26072256590259,26.329127321108114,15
39.85,116.28,11990,41.29835172115769,24.770693888112973,29
39.93,116.44,11933,15.684867049017166,16.425724931351798,26
40.01,116.37,11932,36.99934124187715,27.157101105878763,22
39.89,116.31,11931,10.699053569314742,12.423649046688462,33
39.99,116.49000000000001,11799,40.388953845503096,30.95767488173159,49
39.86,116.38,11759,24.600851867876095,20.904678267538515,33
39.9,116.31,11682,17.69036206868887,18.425704737861594,51
39.81,119.48,11674,3.8768838824263607,3.946608288431441,10
40.0,116.26,11554,22.41315221970483,27.125354967809393,42
40.07,116.35000000000001,11539,36.907188867526415,28.649067239424184,34
39.9,116.33,11528,25.464377404329515,22.971657935500716,40
39.89,116.3,11459,26.163280048645834,18.60071079182948,40
39.910000000000004,116.32000000000001,11412,11.26904308718141,16.56484671128427,41
39.9,116.45,11052,13.536693050680224,18.419095106424813,35
40.02,116.37,11037,47.24253861653601,30.705104595381645,27
40.02,116.41,10970,59.325583110145764,21.545030471364786,40
39.99,116.22,10791,28.96854933799767,28.5580440002108,35
39.980000000000004,116.43,10693,48.28943590602378,26.531081515001485,33
39.93,116.41,10642,15.304609023039717,16.376896433542637,29
39.980000000000004,116.28,10584,51.75809506296236,25.31055690084233,51
39.89,116.68,10512,4.096599672132262,11.238779454379477,2
39.86,116.27,10457,50.84158092776836,12.951544825457951,5
39.92,116.36,10174,25.40767312473015,18.51425358637543,38
39.92,116.48,10127,35.419510654559765,25.260918001474337,33
39.84,116.28,10112,41.80017049721488,24.478495644565772,29
39.980000000000004,116.49000000000001,10092,5.151216344756438,10.358797641913812,14
39.95,116.34,10074,39.428533741836674,26.385661365279464,73
40.06,116.3,10046,62.85898223594168,13.366253333287249,52
39.88,116.46000000000001,10008,21.474895318077568,22.36452414997357,38
39.86,116.49000000000001,9983,5.126894801521609,7.458259408406193,14
39.9,116.36,9954,21.52576141036118,17.047056679303363,47
40.37,116.68,9946,3.8544238162878117,11.579873234570169,6
39.97,116.28,9942,55.434739403582945,20.06489833213982,52
39.85,116.35000000000001,9934,26.54241492644715,25.919376271707865,30
40.36,116.01,9929,3.698032732314222,6.015274660333847,11
39.910000000000004,116.49000000000001,9918,32.33986696523239,23.48994457448064,43
39.99,116.18,9912,3.071833193192042,4.169594790614937,12
39.69,116.33,9902,8.126017156464952,11.412993009791998,2
39.88,116.44,9859,22.24998345162681,21.52832567665184,24
39.95,116.43,9771,35.90766286622962,22.055759260774423,47
40.07,116.36,9752,43.43603958517292,27.783053452587655,33
39.86,116.45,9605,53.56825939169778,50.2663809920941,40
39.86,116.43,9537,27.252141877355022,23.86074108167143,28
39.910000000000004,116.26,9527,19.244119557834047,18.038339203755317,19
37.42,110.77,9480,4.795921434425026,10.563741425408455,1
39.87,116.41,9419,50.940404486764834,41.22547403491883,36
39.9,116.43,9385,31.170470077896933,15.988098295519778,44
40.0,116.51,9376,14.30650182767704,17.035094284052203,8
39.89,116.32000000000001,9280,11.549105772549089,14.231639109937,36
39.92,116.33,9274,23.040039760746442,17.321373459215696,45
39.92,116.44,9268,14.677538401115378,15.531523166006176,25
39.910000000000004,116.31,9189,15.307905963235557,17.249400899983215,52
40.03,116.36,9176,5.946881404190522,14.706603459381796,13
39.88,116.39,9115,16.445097444665958,16.119432093080267,29
39.92,116.28,9111,18.502546054275452,16.830246783932438,27
39.14,117.21000000000001,9061,16.703900805823594,16.76019781769128,10
40.07,116.34,9057,48.97431977460514,23.106181597372235,38
40.04,116.42,9039,18.566648420435875,21.08330867894064,22
40.99,117.94,9037,6.661535762009469,12.35273743088854,7
39.980000000000004,116.26,9027,5.881957084728658,11.104056615783596,8
40.36,116.0,8961,12.351369714993472,19.20926387728254,21
39.87,116.31,8947,35.22676449273349,21.408178213205524,25
39.97,116.29,8920,19.477269305749232,17.26846273531473,41
39.910000000000004,116.33,8794,20.30277338784129,19.827865657334833,40
39.86,116.4,8719,27.186305420919776,20.449655516650278,31
39.93,116.15,8688,15.22637198138978,16.203433693812517,10
39.87,116.3,8673,34.15898844768032,26.11648622428976,16
39.93,116.31,8606,15.269741363302373,17.8927882626579,29
32.0,120.84,8578,2.0470273509482184,5.633542741803833,1
31.580000000000002,120.3,8537,13.147395021958909,11.675174266819905,2
40.0,116.44,8532,56.6300615927705,22.255796118101212,58
39.94,116.41,8499,11.58591159329632,12.726606818368417,23
40.980000000000004,117.94,8477,7.347221304526261,11.535986322505117,7
39.92,116.41,8446,12.442275366717011,14.7409443770405,31
39.51,118.66,8444,5.506733639808556,11.163775141297457,2
39.94,116.47,8428,20.578899010527003,19.17888588264408,16
40.0,116.49000000000001,8386,52.932598009928704,26.66408084022835,52
40.37,115.9,8385,8.249902599935067,13.48742500843699,5
40.01,116.51,8300,58.92612705973666,25.30015003530707,48
39.69,116.32000000000001,8266,25.708474984275263,34.83570098150625,7
39.83,116.28,8244,34.94042838984124,24.26396473526864,21
40.02,116.52,8189,51.63993981749649,32.151833301365684,49
39.87,116.4,8131,57.21769370343084,34.152789774640155,32
40.03,116.27,8116,20.755880790943127,17.731103511218798,25
39.87,116.48,8106,33.68272713169316,26.767503392382704,32
40.01,116.4,8015,43.12410860950028,25.062750600833528,26
39.97,116.26,7966,25.149051359799792,19.035343696600652,21
39.92,116.38,7952,10.278423453801752,14.608611679159965,24
39.83,116.34,7928,50.78064651037086,17.478346966438203,18
39.9,116.48,7914,33.0245735055625,26.13233313883816,39
40.01,116.41,7889,32.69481385020568,28.687903259781063,35
39.94,116.38,7884,6.760753310611746,9.697321130673723,27
39.910000000000004,116.25,7883,16.12248415057368,18.284494813588054,17
39.910000000000004,116.54,7861,53.586167965945,21.905880049297338,33
40.03,116.46000000000001,7853,70.0067717825105,23.754428790462427,42
40.52,115.96000000000001,7800,4.757916631850871,6.984881860602177,3
39.730000000000004,116.34,7783,40.79943206517738,36.906621048217694,9
40.1,116.08,7772,2.162981304774756,2.1014440480500616,8
39.72,116.34,7724,42.20741551606675,35.20028676945228,9
40.06,116.39,7699,61.96704793209411,17.04908911545369,24
40.02,116.29,7694,23.794932410471716,17.902619145744524,17
39.13,117.2,7658,7.55960194232806,10.595410359802155,12
40.02,116.54,7636,35.2133009120202,36.72298378162716,39
39.87,116.42,7627,60.386737827402435,43.558883699126184,34
39.980000000000004,116.7,7602,1.9058628708931251,9.012164510059703,3
39.86,116.44,7568,32.34368460768659,23.633050003435983,31
38.93,121.53,7551,6.92381739380077,10.839007302304795,1
40.01,116.2,7527,3.0090204013362443,4.252692060420352,9
22.82,108.32000000000001,7524,5.570402320963944,7.636831205274842,1
40.02,116.46000000000001,7487,29.913227591022444,16.888391436981383,13
40.06,116.38,7454,62.01580792699903,13.026524821870424,26
39.86,116.35000000000001,7409,6.8018440085287715,11.999614723708575,5
39.89,116.38,7405,18.570811548199845,17.214174447083078,29
39.87,116.29,7376,22.611579245078534,25.817743131554053,13
46.6,125.03,7364,7.384814762586028,11.721028401110093,1
40.1,116.09,7305,3.8064339836633296,3.726829106849714,8
39.96,116.10000000000001,7278,8.882847680373274,12.883025944385006,9
36.62,101.81,7227,6.267865960704397,9.615122761979674,4
7.88,98.4,7212,4.282077233897861,9.802040560304857,1
39.85,116.34,7187,49.8286747965813,20.448547725529018,34
39.910000000000004,116.60000000000001,7074,47.30019863466617,18.852945620260932,24
39.92,116.63,7025,31.33817777487242,19.791664297306543,14
39.89,116.36,6984,13.475300265777191,14.612498101032399,27
39.92,116.4,6979,18.160551472834893,20.450930937001562,35
40.15,116.54,6978,32.6870362745524,18.856481575482274,2
39.89,116.48,6950,37.03006257899441,25.11200170982041,29
39.87,116.44,6902,53.76806790377393,59.76520743273074,23
40.09,116.48,6898,68.10118212967036,29.61828064215534,38
40.97,117.93,6876,6.870821246425005,11.213155762956491,8
31.84,117.25,6862,6.081455326464726,8.9190397643511,5
40.21,116.22,6832,31.65373253011346,29.613914473556292,33
39.800000000000004,116.52,6823,34.34312024377564,26.30584474913626,11
40.09,116.10000000000001,6814,6.796107840869853,8.321099288964735,7
40.03,116.33,6779,18.677756274056616,19.23734222948721,23
33.31,116.3,6776,2.454052070648017,5.83801765817078,1
39.9,116.47,6771,20.89011770828894,22.029246907244044,29
40.13,116.26,6736,44.49913976484477,32.65011817346542,37
39.92,116.29,6694,27.976225171246888,20.928926755029188,32
40.02,116.3,6685,38.1798170248313,24.534042227825637,31
39.97,116.25,6684,19.09745632796713,18.00613969445235,23
40.38,115.89,6683,4.746009986418655,13.13956842521344,3
39.89,116.41,6663,19.11966314357744,18.97107567621343,32
39.800000000000004,116.34,6649,47.14971651624468,22.94867007062189,14
30.55,114.29,6645,7.637903803890027,13.568007901665874,9
39.99,116.21000000000001,6626,23.6650560454557,21.150152926477173,34
40.07,116.3,6620,59.43497842720312,17.789113044138702,44
39.96,116.39,6586,17.554115809092302,19.78241581017888,30
39.910000000000004,116.61,6575,41.59465021598004,22.805438489689383,22
39.94,116.44,6540,23.545796279908412,18.595973753816125,20
39.53,116.73,6518,1.6813835555554288,5.079782901331427,1
30.54,114.3,6494,7.841516338095407,10.048870439533799,3
39.910000000000004,116.5,6492,40.28437472016485,22.000921499457423,33
39.980000000000004,116.27,6484,7.0719112930757335,10.90299441176948,17
39.15,117.21000000000001,6461,51.280127966420444,22.644635854474235,12
39.910000000000004,116.52,6457,39.10744753237677,25.629757528341923,30
40.09,116.29,6453,39.67737990397422,33.36501342179935,42
39.910000000000004,116.51,6440,40.132922548475214,22.902322316695084,36
39.76,116.34,6423,49.95298200600358,36.88787297175339,12
39.94,116.79,6421,24.892379822953426,23.157321915929618,13
39.54,116.69,6400,4.3095197648270664,9.506041890490494,3
40.04,116.47,6380,68.14763951762421,20.30914552210292,42
40.35,116.01,6349,11.878097040608148,19.18059298886949,20
40.09,116.11,6338,6.2030987531051425,9.593463040255363,11
39.87,116.43,6321,56.97998196838489,54.221052204298466,21
39.82,119.5,6318,9.69631788008718,12.391202920539808,14
31.57,120.3,6214,8.195141132490086,9.025245650377355,2
31.220000000000002,121.42,6198,4.493715903240554,8.585605353314557,5
39.92,116.45,6178,16.904135036048086,20.08746722716679,32
40.02,116.42,6159,66.37578701134031,19.88289678708788,21
40.11,116.28,6155,54.21193860816936,28.27793715416734,36
39.89,116.24000000000001,6116,8.062123221595863,20.922635363308324,20
40.12,116.26,6093,34.28291511856896,31.283546523925953,39
39.88,116.48,6086,39.192833505852164,23.61272401590518,33
39.94,116.19,6053,3.6776358042722683,9.410903119587008,7
40.050000000000004,116.48,6052,86.28106125962512,20.059415134975033,41
40.03,116.47,6048,33.61265522872181,22.158132669241855,42
39.92,116.39,6040,11.638308446012822,16.010530680174305,25
39.82,116.34,6018,55.26397311738957,16.167244335193374,14
40.15,116.48,6008,80.57690837101896,17.47227957325646,38
31.240000000000002,121.48,5988,6.194012262483177,8.58776359443666,7
46.64,124.9,5970,4.420175306956379,8.102309569942541,1
40.06,116.48,5968,86.75124392668769,17.81122596735148,39
39.910000000000004,116.28,5963,14.054376364529672,18.141986905928974,21
39.92,116.42,5960,16.188096126321224,17.73249685032265,23
32.71,-117.16,5922,12.370624017987272,15.887069704849672,2
39.92,116.21000000000001,5876,56.67678817676777,18.41585452969032,25
39.76,116.3,5863,13.27892215189725,20.46836601122614,10
39.88,116.29,5848,27.3145893133677,27.513543342171086,15
39.87,116.54,5832,26.23819712109582,29.218779118109975,19
39.86,116.36,5796,18.271352912617427,24.3166183200543,32
39.78,116.34,5753,63.854895525535525,22.83261510603189,16
31.59,120.3,5734,14.391619672238136,17.559526629890904,7
43.77,11.26,5703,4.521140242266118,7.252613255289758,2
39.81,116.34,5692,56.45228912393246,16.084010210505202,14
40.01,116.47,5686,37.99332589217866,27.98215612911988,35
39.99,116.17,5649,2.5468218877289037,4.048513573700884,11
39.9,116.4,5641,15.88748797609158,15.99422928438807,25
40.02,116.36,5579,50.647151748569094,28.99172539652175,25
1.29,103.84,5535,6.217997755557106,8.135267146236592,1
43.7,7.26,5526,7.094496343097911,13.632494485295856,2
40.08,116.48,5501,90.7925573336336,15.772538846451058,37
39.79,116.52,5489,7.2223455735889734,18.398388897068976,5
40.03,116.29,5474,28.358967008522153,16.901814652900875,13
40.07,116.48,5467,91.65855890905978,15.823905472538902,37
39.94,116.45,5463,12.703775216427298,17.305510125920247,21
39.81,119.49000000000001,5438,7.329050345447069,8.451368657179971,7
39.92,116.32000000000001,5434,16.77495822298763,18.008736903392133,24
39.88,116.38,5432,21.56507152328972,15.761574006578822,22
40.1,116.29,5422,61.97937879618449,29.995108030815807,35
40.08,116.58,5409,26.365125759460753,19.749958878863264,27
43.85,125.29,5394,2.7541362343089832,3.8766827008707594,1
40.07,116.37,5389,66.0203872720372,6.573047244701476,24
40.08,116.31,5382,32.0512170628131,27.93733406234487,42
32.71,-117.17,5370,9.165679794135134,14.886121627597834,2
39.79,119.42,5362,9.293203545707547,10.70855034232811,10
40.0,116.25,5357,40.614247467396055,30.375040105189527,33
32.06,121.27,5351,3.918118183977137,5.85862629254065,1
40.11,116.48,5346,82.64245704529105,28.135470308664214,41
39.910000000000004,116.24000000000001,5346,16.094121717085514,20.09171981672322,11
30.28,120.17,5336,19.442763095816215,22.11085831196442,1
40.06,116.61,5328,8.560100342820903,12.84522708428283,13
39.92,116.17,5315,19.229583525031813,17.264879651305172,14
40.03,116.55,5298,66.48303383344003,29.637716762850705,38
39.910000000000004,116.57000000000001,5290,50.49218956120853,28.03542069063688,28
34.27,108.93,5288,6.112032997287253,12.018107485992717,2
39.84,116.47,5286,60.41658014704816,20.6702277257389,19
39.95,116.28,5286,27.70099992830817,17.65732939856277,26
39.89,116.44,5285,25.91024747835884,22.424468659504523,31
40.050000000000004,116.31,5279,12.20684955015818,15.457882545821212,21
39.92,116.26,5274,33.825448178982995,27.042648511786492,24
39.7,116.32000000000001,5265,46.337848731039266,32.57137116477336,7
39.89,116.2,5258,56.39912127452385,19.76358024325924,25
39.74,116.33,5257,16.735023001457343,13.122155766971298,5
40.03,116.52,5208,18.437768105560362,22.68331054982725,17
30.6,121.13,5208,4.43115355767423,9.519510630888462,2
39.96,116.47,5200,53.73644554104935,17.639365014520497,33
39.69,116.34,5194,6.972507064082198,10.522824700329444,3
39.76,116.33,5138,19.465611617508866,14.21387183705448,6
39.77,116.34,5134,67.81960765985038,22.883485384932996,12
39.79,116.34,5103,63.27887986917978,17.95644687583195,14
39.86,116.31,5071,40.062673264543086,20.431978599436263,17
39.9,116.02,5069,4.187716076976287,7.613045531921079,3
24.45,118.07000000000001,5066,6.29817425710632,11.729798890771013,2
39.89,116.35000000000001,5046,18.167867723221587,17.897738110723765,28
40.11,116.09,5036,3.375948663600579,2.781859390503792,8
39.78,116.49000000000001,5036,6.789386066785606,12.884802752035517,2
39.85,116.32000000000001,5003,42.93747916391103,24.937444149557003,26
31.3,121.5,5003,5.359162367227905,3.807219402975612,3
39.92,116.65,4967,29.670526477637388,20.478393108500065,13
39.980000000000004,116.25,4963,12.357342663093636,16.8363807452694,5
40.03,116.45,4957,32.253320638624054,30.667321352544246,34
31.240000000000002,121.49000000000001,4952,5.02020097033392,5.083575090154089,4
40.18,116.39,4932,6.720428224469321,9.449644231839413,3
18.25,109.5,4928,9.416081255385082,10.432871654043106,3
39.97,116.49000000000001,4916,5.773199368732209,11.04134806366812,12
40.02,116.53,4913,75.49935947738045,19.857788504820988,38
40.0,116.24000000000001,4895,51.53454586954106,27.397481847124954,33
29.87,121.55,4875,3.480020381475313,5.492245321274832,1
38.97,116.12,4866,8.017716788212999,10.027193623197658,1
39.88,116.43,4860,22.7101138437989,26.69755470709317,29
30.32,120.35000000000001,4852,3.4125327391783964,6.861946461431923,1
48.86,2.34,4846,4.047232924658851,8.573767475718578,2
39.800000000000004,116.51,4839,10.922410474790524,20.255331116124257,7
39.9,116.22,4833,41.26747330800787,30.51044987636414,14
39.910000000000004,116.29,4814,19.08986870738257,19.39216665660101,28
39.85,116.37,4801,33.013256641819055,14.3066204096555,5
39.910000000000004,116.58,4794,54.8015436339631,25.392261909390406,26
39.86,116.29,4789,38.037383949521974,22.499504533021856,13
39.87,116.46000000000001,4788,25.930321310349818,17.915137367624812,28
39.88,116.47,4783,16.91202777561433,16.966634141141387,29
39.65,118.16,4762,4.882096343340599,8.722289611011776,2
39.9,116.25,4761,35.92393527280944,27.817658046142792,26
39.800000000000004,116.28,4758,22.969924409452414,13.19522765653933,8
39.87,116.32000000000001,4730,35.048291338078926,18.86824669971764,9
40.12,116.48,4707,89.74485363310957,20.770049383670322,37
34.25,108.96000000000001,4650,6.611259046239442,9.544138417952432,3
39.93,116.5,4641,8.083204965509278,9.69826236037692,10
40.03,116.56,4628,76.33574602694962,19.10418415594305,35
39.75,116.33,4626,22.184276166004402,14.140741822245907,6
39.83,116.29,4624,50.157740141774916,23.802779888011376,19
39.86,116.46000000000001,4604,27.084488313880737,45.797775836461774,25
40.08,116.41,4598,20.014294736856233,18.261175049315167,14
39.85,116.36,4595,36.55723014948956,24.84310405613509,28
40.01,116.29,4584,53.7140925548299,24.54712134316506,28
39.99,116.5,4581,38.28953117600997,24.377407484917786,20
39.88,116.31,4578,18.180103529433463,18.280863461771055,31
47.64,-122.14,4550,13.694737946109202,18.52275174170318,7
39.87,116.33,4544,34.017858723384514,19.01591654835859,10
39.910000000000004,116.55,4541,57.183024910730516,23.468635038097958,28
31.23,121.47,4540,9.153105264704507,13.103185069264253,8
40.1,116.48,4526,86.4839014440785,26.208594131458497,38
40.08,116.34,4517,14.48902184736768,19.409569457057472,15
40.0,116.23,4509,50.688335504684666,26.402352961695197,33
7.88,98.39,4503,6.944366747134842,12.388522042964196,1
40.06,116.18,4483,1.9963658507975448,8.43624078439585,4
39.89,116.17,4476,38.15292513485723,17.600195024285703,16
40.13,116.48,4472,92.68245613167386,21.448482263778278,37
39.86,116.34,4472,36.232909571437425,23.33298033865563,24
39.85,116.23,4471,51.09366456157713,20.770154948192467,23
39.910000000000004,116.62,4464,54.97862289932975,20.11738573631408,26
39.71,116.33,4459,75.12599508184812,28.27172466613309,22
39.86,116.47,4431,7.7932349689369556,11.246011330810227,3
39.85,119.42,4420,10.774493035088037,16.411327398719838,13
31.240000000000002,121.47,4404,8.091277218332474,11.951981233905823,7
39.910000000000004,116.56,4401,58.15400904656158,23.442957640734384,27
22.16,113.55,4396,3.5229579769661,6.839557810849809,2
39.910000000000004,116.2,4389,39.917813249744064,28.44212194458582,20
40.06,116.34,4386,15.399169035192287,16.20326150588906,16
37.79,112.60000000000001,4386,11.435193440102267,21.159222850654075,2
39.87,116.23,4339,7.007869513117384,11.65151563747668,4
39.95,116.29,4338,39.03149276579688,21.300334080234023,27
39.88,116.36,4338,17.51656769527758,13.050067757377917,15
40.14,116.48,4334,94.45480294971131,14.584799796851124,38
39.83,116.31,4325,54.68861594438511,24.729366569570953,10
39.92,116.19,4325,18.232722567557307,17.19660444815947,16
40.09,116.41,4318,24.107514863253524,22.3429070167792,15
39.910000000000004,116.53,4315,51.69031161587776,19.818359273273114,30
24.46,118.07000000000001,4304,8.198198508207966,12.973973052397586,2
39.93,116.36,4299,26.568326352474504,19.09790526561382,33
22.54,113.97,4292,10.925286953564031,16.144127870210383,2
40.01,116.48,4273,46.0748068334979,28.674305537351852,33
40.13,116.33,4236,4.698543295841323,6.136507983090641,3
40.14,116.26,4235,52.562647575881336,31.101627276635014,34
40.12,116.27,4234,51.10503322462208,28.65392140479726,38
39.99,116.26,4226,5.142986914706727,7.732412191779551,9
38.980000000000004,116.10000000000001,4215,14.18072892188153,16.700519583282055,1
39.93,116.54,4205,38.83064571055369,32.75794578126599,17
43.7,7.2700000000000005,4184,6.70662170522669,12.436532202796057,2
39.82,116.5,4164,50.51515204793597,19.459459021515258,19
39.81,116.51,4135,48.06831975115335,17.66642988955855,10
40.02,116.33,4120,58.250412431805856,23.77149910348961,30
24.46,118.08,4104,6.694703170825997,12.522558979936923,2
40.11,116.08,4090,3.603722526985783,4.075325091254043,3
39.81,116.54,4081,10.591035130374447,23.04274347192047,3
39.14,117.22,4077,14.56294501738214,14.257813866740292,5
39.97,116.21000000000001,4072,55.56665742110144,25.27479765407736,21
40.39,115.9,4070,4.930317787583772,14.82533741638516,4
39.92,116.18,4065,20.038872540985484,18.137249530625084,12
39.67,116.31,4036,38.3654826309066,19.066546735744428,1
40.36,116.67,4035,4.003863326404147,12.986625114074728,7
40.04,116.61,4031,51.352052940429886,20.39789004559802,23
43.89,125.31,4009,12.995160454219965,19.3476022668805,1
39.160000000000004,117.2,3994,37.2532574612795,37.599940422988766,11
39.89,116.18,3993,46.39578905495672,19.063804917395522,16
29.02,115.81,3985,5.265989482055038,15.166516042417294,5
39.89,116.33,3977,16.480467918593813,15.411967532100736,21
39.85,116.33,3957,47.18092146529474,25.93820790518076,28
39.83,116.33,3950,58.9271242633747,16.733858300857616,15
40.54,116.8,3942,2.033499955306536,7.3926256712890535,1
39.88,116.4,3932,4.240296421714552,9.056239543133618,10
18.26,109.49000000000001,3905,10.638784530396116,10.806210478691353,2
39.95,116.26,3889,22.886049053057707,20.42202273141756,16
39.87,116.47,3884,25.03301972407369,17.062024800734385,22
40.1,116.41,3872,27.0173221516726,25.034601759446037,15
39.92,116.2,3871,29.520822706318704,19.92345329100503,22
40.050000000000004,116.58,3869,49.61655253261412,28.12997474439207,22
40.04,116.25,3868,20.132280665227764,18.03440437457631,24
39.87,116.28,3848,35.078686609589575,21.644720905944244,24
39.49,118.68,3844,1.3437382802931659,2.0364755215675174,2
32.980000000000004,114.03,3841,10.928237809536613,11.331428789853032,3
39.83,119.5,3826,5.362662821344891,13.616347254194482,10
41.01,117.93,3813,6.813533000475814,11.778273532974163,4
39.83,116.32000000000001,3790,58.12859446143976,14.390563807104263,10
1.4000000000000001,103.79,3783,4.886327899875129,4.999914991576531,1
40.11,116.27,3782,58.72010688965946,27.72808198850213,37
39.84,116.34,3779,47.79106014629528,16.82280366817293,15
43.89,125.3,3773,12.210290054811127,17.133554364526432,2
40.36,115.99000000000001,3769,32.718156380337255,28.474472807605196,21
39.88,116.35000000000001,3761,15.631325532698586,17.09393218631021,15
27.650000000000002,117.97,3754,11.882347728580257,16.393710136275956,2
13.41,103.86,3748,9.667652303059096,12.874490258638462,1
40.15,116.25,3709,71.48017660768139,28.721336999917607,30
39.85,116.4,3706,6.3881151440978625,12.419279414961467,10
40.36,115.98,3682,40.19647984409348,22.704065943543636,22
39.86,116.48,3681,46.628668571481796,26.52468883046343,16
37.82,112.58,3676,15.614932199751918,20.329531666899506,3
40.01,116.5,3666,54.05828608231006,26.604671959724666,48
40.2,116.22,3655,53.54969429301223,28.861615363540725,32
39.81,116.14,3649,9.564998920497661,13.32141342964421,4
39.910000000000004,116.21000000000001,3643,34.36880074223662,30.16873400692223,19
40.07,116.56,3641,12.420788993138263,19.587144665078068,4
39.89,116.25,3626,35.6392528548996,23.529348405387548,19
32.0,119.59,3608,9.80281919979587,24.887951575086685,6
40.17,116.24000000000001,3607,69.42447396284425,21.422362907713843,29
39.74,116.34,3601,72.51870749610137,28.529560638411862,7
40.06,116.29,3598,62.61543926216152,16.84535523513102,45
31.23,121.48,3595,8.311764218313632,10.690633747754301,3
39.94,116.8,3587,18.49073060619215,24.411492045303106,13
39.92,116.16,3570,28.457460437644226,16.35437839355869,13
40.0,116.21000000000001,3570,4.421942809110738,5.259900384962847,7
30.7,104.05,3566,11.369890467565646,18.1161683180072,1
40.03,116.60000000000001,3561,67.3904289267508,12.788837800336333,23
40.21,116.13,3557,2.315920395470058,7.321363253358519,2
22.23,114.17,3554,2.1937541303186046,2.8185298207883007,2
31.580000000000002,120.31,3551,23.061160561439973,20.34460725819046,7
40.22,116.21000000000001,3540,44.525597121415736,29.599927204364267,22
26.330000000000002,116.34,3538,10.026998389463163,10.802679941527478,1
40.36,116.02,3530,2.3675089624513532,3.6408773709830227,9
39.13,117.21000000000001,3528,33.152853719337905,19.402832319700003,7
40.25,116.27,3482,8.440125887289133,11.995125794224434,6
39.95,116.21000000000001,3475,58.70270862277356,24.61302982517365,16
39.9,116.29,3475,44.26540129084703,24.47673615485255,19
39.96,116.38,3461,14.355301255960585,14.97755967626728,15
39.63,119.31,3448,0.9490626109838255,1.5785318673567523,2
31.23,121.49000000000001,3445,5.946141817484502,6.943604676315693,1
30.55,114.3,3440,10.31022322804002,15.60758715283156,9
25.28,110.29,3436,7.539903880496489,11.456923315047757,2
40.160000000000004,116.24000000000001,3426,75.99687471869848,22.43592408087323,29
37.57,126.98,3425,5.46924477231059,8.482555607009907,1
30.8,106.07000000000001,3421,3.702483110863699,7.756270555785304,1
31.3,121.09,3407,2.462535492200934,8.027361278866866,1
40.01,116.43,3403,44.0037835262027,20.866460752522855,10
40.04,116.4,3397,24.20933519303817,21.080480744703284,21
39.910000000000004,116.19,3394,14.440210392326637,17.57247396296891,10
39.92,116.25,3391,44.5785501530149,25.316640749420127,23
40.01,116.27,3391,64.20289968327276,23.471204884418338,30
39.93,116.29,3388,38.08487557369791,23.239837371232095,18
26.39,111.62,3388,1.2601885759867235,5.433221881680601,1
22.82,108.34,3383,4.748270416602169,8.547197776134528,1
38.910000000000004,121.58,3378,10.96520167921431,14.437577722406237,3
39.9,116.44,3371,33.36633787845804,20.44355897276644,35
39.84,116.21000000000001,3370,37.557734401537544,22.824763845396117,18
39.83,116.3,3361,64.42929881277804,16.629742977673132,11
40.160000000000004,116.4,3360,34.072639869085776,29.62286837437396,15
39.97,116.24000000000001,3358,32.377298328371715,18.649545190066924,20
32.72,-117.16,3354,16.277479211695816,19.441314579862958,2
40.22,116.23,3345,15.976403799687498,14.559784978995689,16
39.9,116.24000000000001,3343,55.690385863334534,22.32307780993396,17
30.25,120.16,3341,13.613395248144876,15.526320099328847,3
39.13,117.19,3320,7.8863685704154,10.538445504526438,9
39.97,116.23,3310,28.96632561315833,17.304402485163994,18
40.0,116.47,3297,23.04918773478675,17.56834431958165,18
39.67,116.32000000000001,3296,51.06072710530312,25.14769399710578,6
39.77,116.3,3293,31.263183705580506,14.782526616945045,9
40.21,116.27,3280,7.461101159623544,15.580249661610317,7
39.9,116.23,3280,58.0171337651543,24.913501116406696,17
39.75,116.34,3254,82.67143646458497,13.633193836027916,7
39.78,116.29,3248,29.776639758837387,25.724404874019427,11
38.95,121.55,3238,3.4219100901547184,6.672385824961456,1
39.86,116.24000000000001,3236,60.892394726010124,13.700780966296364,24
39.92,116.54,3231,53.61029962478754,25.398155157080854,21
22.29,114.17,3214,5.338939961067608,6.348206794617127,3
36.12,-115.17,3209,6.031456631408832,14.446392023582263,2
39.85,116.48,3204,52.33753676040202,19.65340997701119,11
40.92,117.32000000000001,3187,43.12094740745297,16.980966501121483,2
39.85,116.22,3182,41.159377947010476,30.385696732813585,21
38.92,121.63,3167,11.462459659451952,15.035398950282618,3
40.22,116.24000000000001,3153,16.96405006354552,16.726635748384997,18
39.86,116.25,3153,52.717243647559506,20.296285199255895,21
40.0,116.43,3150,40.60591840747059,22.437329513973594,10
30.28,120.18,3148,12.056995505352305,20.891057797089022,2
39.93,116.64,3148,41.040403544659604,17.071301088710793,9
40.04,116.57000000000001,3147,74.71800453396574,24.043720221887327,30
36.06,120.31,3135,2.9240938497008186,6.485048950114017,1
42.36,-71.09,3134,5.406097143476277,7.203476451817224,2
40.17,116.4,3128,25.79436061298337,26.901527825565093,14
39.87,116.25,3125,44.74528005191574,20.10283820461615,23
40.04,116.29,3124,14.840483486240704,17.260858468435806,16
31.11,121.05,3114,1.8467896858632933,2.7665659928833146,2
39.93,116.24000000000001,3113,45.89362528678399,27.519021349239473,24
39.84,116.22,3108,57.63771189170481,20.97712348576706,23
24.44,118.06,3102,1.9645629320535416,3.256607994023038,2
39.94,116.14,3095,34.08143172176364,16.855341027870463,9
22.28,114.18,3094,8.943152763478476,13.123537035680929,3
39.88,116.28,3089,43.29371198408614,28.235134296014408,16
40.07,116.58,3055,61.18097626865205,25.28169293237372,28
34.26,108.94,3054,5.063620770754917,9.708404093747871,5
23.52,120.81,3054,2.751262171572471,5.329830588971854,2
39.17,117.2,3049,94.7191009602512,56.98250291801853,10
40.04,116.35000000000001,3048,25.528697898296354,19.859127183689242,15
40.160000000000004,116.48,3045,90.87866607558006,19.09703945254681,38
31.240000000000002,121.5,3042,9.436683114257846,10.860388913866,4
40.15,116.52,3036,68.21228083881728,29.099852091982648,5
39.81,116.2,3034,40.30210529555015,27.35873538589465,16
32.97,114.02,3027,14.013924866762167,14.764251725922566,3
39.79,116.28,3027,19.454948746555672,15.13541200541569,8
39.980000000000004,116.2,3019,29.045338452174995,14.46761050472153,15
30.62,114.25,3010,11.641323858936559,13.544795618007234,10
40.18,116.23,3009,64.96221903877019,26.70874206911751,29
39.800000000000004,116.15,2999,13.650410389180806,11.09123011745669,2
40.06,116.60000000000001,2989,15.823361544470863,22.818034908865158,11
38.88,121.55,2986,6.810882462891339,7.805812191658101,3
39.95,116.12,2984,29.520323772194534,16.208513373224452,9
40.24,116.53,2969,89.92527910337976,22.36227034020514,32
39.81,116.28,2957,18.256773169023816,17.741538500531064,12
30.27,120.18,2957,18.34595425441395,19.791240898805505,1
40.26,116.57000000000001,2951,75.53693343209198,30.739884267559578,35
39.97,116.2,2951,19.84699426654547,18.388876385831544,9
39.01,113.59,2948,7.328230067611148,10.627784380033395,2
39.89,116.4,2928,22.085024560351574,21.929936305265706,20
40.52,-3.9,2896,2.5099529579137125,6.358631547462196,2
47.410000000000004,-121.42,2894,7.7968432208227485,5.385051385547044,1
39.88,116.25,2883,36.23373374092768,20.474585544630582,6
40.06,116.58,2879,65.5271425873473,26.580162609287953,23
43.74,7.43,2874,3.1215796116478143,5.1368063623117814,2
40.93,117.32000000000001,2860,41.322911077048325,17.49316009583524,6
39.92,116.23,2838,51.64368602384219,24.526842915854658,22
40.56,116.79,2836,5.109319798083513,8.213662176418067,5
33.95,-118.39,2830,12.379388851914836,17.69345180700807,2
38.88,121.56,2825,10.971571384504596,13.408838591419318,3
39.980000000000004,116.51,2822,48.966266229187575,22.81891800714425,16
39.82,116.51,2812,39.94730116667926,18.111202840225406,8
39.81,116.29,2811,25.669932432244725,17.20196092029925,11
39.94,116.21000000000001,2811,61.71063152962064,17.441945039964295,16
42.35,-71.11,2807,4.442890700405033,4.820444298782589,1
39.12,117.24000000000001,2806,15.096531198881497,15.693276570218726,8
40.03,116.54,2802,50.577811083698805,38.01789146986363,39
39.83,116.48,2798,56.75147926297327,14.219345511542855,15
40.01,116.54,2797,3.9843838369357387,8.751684658055655,9
13.370000000000001,103.85000000000001,2797,8.451598527554498,11.775082187610039,1
39.9,116.28,2797,49.20458882505114,22.471774633384065,18
30.25,120.17,2787,28.497626405201377,20.138293057447527,3
25.27,110.29,2780,8.373419420861774,10.34449358218196,2
24.45,118.06,2776,2.7026155254912845,3.560637871181471,2
30.54,114.36,2773,9.123138286176044,10.829610897615208,3
39.87,116.11,2770,2.59633183418078,4.128747571607188,1
39.92,116.66,2769,56.09699112970165,17.54899165063449,10
40.1,116.37,2768,16.258621961947867,20.12201708339293,7
40.19,116.23,2756,71.2168755274445,24.345227121275553,31
40.09,116.08,2753,2.7215230604829417,3.1970492131362245,4
39.89,116.19,2750,54.62551265517441,20.003396642259325,15
39.89,116.47,2749,24.421309684932563,19.572421312604707,23
36.53,102.04,2748,7.349568567494894,12.507825051814608,3
27.13,114.99000000000001,2746,5.956000688080311,10.6279281866356,1
29.72,121.2,2733,1.0062776804732092,3.1706822926602674,1
40.17,116.48,2732,95.44752966238991,19.150329073125572,35
39.15,117.2,2725,36.82058621183094,17.926202286800155,12
39.85,119.41,2724,15.593085431000555,19.875777684414366,12
40.04,116.53,2723,30.78603510028364,22.49916801581121,22
18.240000000000002,109.5,2716,9.257320673057277,9.475403943061279,1
40.18,116.4,2694,14.75479714709797,20.247030473702505,13
39.87,116.56,2680,20.402661365482317,30.42598258390969,15
40.09,116.54,2678,8.86213897297933,15.710667906020687,2
39.69,116.31,2671,40.45950426047885,11.954838482786945,2
39.94,116.78,2661,61.36291092905361,24.25417413554778,13
40.07,116.23,2658,22.042335055964102,24.523909203893183,14
39.89,116.43,2656,45.069721895119045,19.362953078884257,27
40.07,116.24000000000001,2654,32.15119775772506,21.178797731706638,20
40.09,116.47,2653,53.745924327025385,35.578661020980604,33
22.8,108.33,2652,5.760776493662854,10.00370967630555,1
40.2,116.49000000000001,2634,98.9311091883434,15.246654265411946,39
32.980000000000004,114.04,2625,13.752870220108315,28.43851193352642,10
39.92,116.22,2625,54.81010526067764,19.53595341975612,22
46.6,125.01,2624,17.956647386165656,12.878864360301979,1
29.63,91.07000000000001,2616,7.158232481849418,12.229518856494037,2
39.95,116.25,2614,19.80594716653769,17.334131990370402,15
34.27,117.2,2614,14.178137397020002,16.994114538285487,8
40.410000000000004,116.69,2612,6.516956453710362,9.546381341446887,4
31.25,121.45,2609,10.904215793135636,14.07661164583993,8
39.9,116.2,2607,59.09633352304977,21.519718860692805,13
31.18,121.47,2606,2.0448698373900838,3.60960146271612,3
40.14,116.14,2606,6.226209056815822,11.907844180860984,1
41.01,117.95,2599,7.413607546613668,12.3878057428468,4
31.23,121.46000000000001,2592,9.78492590206811,11.462218792096794,3
40.18,116.48,2584,96.15607600214368,17.722165318024953,36
41.0,117.94,2583,10.628803220152326,15.125034967947594,5
39.83,116.44,2582,49.94291666049845,23.371861894608063,12
40.980000000000004,117.93,2580,9.040164085673245,9.93793350411178,6
40.06,116.37,2576,42.23134557901766,29.436386385142903,26
40.12,116.08,2572,2.4021856940279176,3.328768225529861,3
39.77,116.46000000000001,2570,3.7289034431176646,6.520809960293285,2
39.94,116.54,2568,56.22329281026655,21.348223089066945,17
40.9,117.32000000000001,2568,47.22089847594494,15.114404092755057,4
39.88,116.42,2555,29.239324554229686,27.09514096181278,27
39.85,116.26,2547,34.42335633268455,17.18518133504415,2
40.62,116.69,2543,7.501611322262336,8.91958030193549,1
40.09,116.55,2532,28.141349718109893,27.227083573396214,13
34.26,108.95,2530,6.427722416991648,8.397361169464572,3
39.910000000000004,116.64,2524,10.527714046174214,12.055372022101352,7
40.06,116.55,2516,22.54707862371302,22.770126015741454,16
39.93,116.28,2515,35.578136351600456,21.618246821490033,11
39.83,116.35000000000001,2509,54.5381642084912,16.7979198770836,10
38.89,121.55,2507,18.40649688671217,20.271453851371003,3
40.22,116.25,2499,23.365815989312203,18.30853916239303,13
41.01,117.94,2497,13.045588230058023,13.222792069599373,3
34.24,108.92,2497,7.97032224403644,10.72919357481684,3
40.15,117.12,2488,5.094317722631237,12.645289553126585,6
39.93,116.76,2485,42.4619944670698,26.06870457018406,13
18.26,109.5,2482,12.037947175072967,10.361474685624938,2
40.08,116.36,2471,26.263378360817022,21.993913801672083,12
39.94,116.13,2469,35.437310729652154,13.158359436225822,12
40.03,116.57000000000001,2467,74.78600090081137,18.121101793404293,35
40.44,115.79,2466,2.771981904220517,7.157293567846331,3
40.04,116.26,2458,37.46458937573303,18.943136201268196,25
31.3,121.54,2454,3.7121304316351673,8.659531480872129,2
40.03,116.26,2439,25.617060915140666,18.665283981538263,25
48.85,2.35,2436,3.0635117031445263,6.271813046945957,2
39.730000000000004,116.33,2420,21.526391433498503,14.349589703174756,6
37.58,126.99000000000001,2415,3.19488416819074,2.6142598746684524,1
30.75,120.48,2414,2.1041678778379875,2.0907723589853124,1
39.160000000000004,117.21000000000001,2411,81.48352977643103,35.4502253482208,10
30.53,114.31,2404,11.884703675829773,14.005657004742623,9
34.24,108.93,2398,7.267313687523183,11.315097955881633,2
39.85,116.46000000000001,2397,74.95667873154203,16.117850810028933,14
22.82,108.33,2397,8.779492730003968,10.814444768939541,1
40.06,116.33,2397,20.00147400330951,17.958515219811268,14
40.03,115.5,2396,3.777014223534201,5.451551900215957,1
47.67,-122.12,2395,12.424255574713909,15.665119822033999,5
40.160000000000004,116.44,2389,21.07078548935737,38.11535458085801,9
39.19,117.19,2388,118.52034583064203,47.132795155099366,15
39.85,116.39,2381,17.525277275773057,17.988667705804346,16
39.82,116.49000000000001,2376,57.20627079072354,14.496750461290008,19
31.29,121.55,2374,6.936186658649375,9.827270620976387,2
39.89,116.29,2373,27.31133684205772,23.83381962800718,20
39.94,116.77,2370,64.41993828027621,14.383842688178149,12
39.83,116.37,2366,51.38700107711762,21.30217623026361,10
42.58,117.14,2361,7.3680508487960354,12.761297344347444,4
40.22,116.26,2349,27.243231408482128,19.46220627165966,14
31.580000000000002,120.29,2347,13.807896172253274,11.170453583314822,2
39.93,116.49000000000001,2339,18.408510957938685,19.25950248907287,13
40.300000000000004,116.06,2330,35.32726456235277,25.646276450602322,17
39.83,116.4,2326,56.0220204104633,19.053985043120797,12
22.28,114.17,2324,7.305463862765505,12.576642578532699,3
40.02,116.2,2323,2.962116408248183,7.253628909960099,6
40.14,116.25,2319,59.63798920599336,33.36028182664127,31
38.92,121.55,2317,15.09544406194985,13.810779771456836,2
39.96,116.11,2316,38.20526127784163,10.512120729101303,8
39.93,116.21000000000001,2315,69.58168096725586,19.22619062746545,15
39.13,117.18,2312,8.486675210164066,11.409395188068912,7
40.09,116.36,2310,24.046881412892866,16.141946520642716,9
22.81,108.32000000000001,2307,4.2685159012941725,4.939572978741125,1
40.050000000000004,116.25,2306,32.42877854172103,20.29068606603973,19
40.34,116.02,2304,49.249900748007654,16.001219996230187,17
24.79,121.0,2302,14.90590869593344,16.78378690819195,2
39.35,118.62,2296,7.164636913003528,8.845250609993913,2
40.12,116.19,2296,7.340155518300994,12.643745492629765,6
39.87,116.24000000000001,2293,16.589249088824875,17.991054077288837,5
39.96,116.21000000000001,2290,70.12087846224388,18.273369771919672,14
39.87,116.5,2285,46.546808080716715,26.81261922768887,22
30.54,114.31,2285,16.662253618825495,17.017441397756677,10
39.85,116.31,2284,50.73300386548754,28.771774516184436,26
27.650000000000002,117.95,2282,6.957366897179927,12.559134703535266,2
40.550000000000004,116.0,2281,4.2097892209644225,6.607499980914666,2
39.95,116.24000000000001,2270,17.096030986823877,17.88611931749163,15
36.11,-115.17,2265,10.271932070789303,16.387279053017117,2
40.38,116.89,2258,24.44078730162723,26.653555798582726,21
22.28,114.16,2247,11.594631325499607,15.676590805214806,3
22.81,108.36,2247,5.499365203595422,8.951552255454766,1
29.02,115.8,2245,13.665176510668065,19.345455630121283,2
39.7,119.33,2243,6.545139519924548,12.016469330990192,6
39.9,116.63,2241,28.236096647859856,30.08675331578984,21
41.38,2.18,2240,4.119251472248426,5.409241411599943,2
40.46,115.97,2234,11.996964644563654,14.301745937864515,11
39.11,117.17,2233,7.523277367812683,11.16298604987436,5
39.93,116.75,2232,70.87697917914979,14.27971439091499,13
39.93,116.73,2231,70.61719875188741,15.886435104170776,13
23.0,120.16,2228,3.286018485292637,7.222680926906501,2
40.04,116.48,2228,84.85625591002636,16.855801346565347,42
39.84,116.41,2227,11.864719137005217,14.747322874637275,7
48.870000000000005,2.31,2226,6.428350449376572,10.168982383168306,2
38.87,121.55,2224,9.386516283160315,13.702804587583483,3
39.83,116.38,2223,53.63261123855059,18.827181745535366,10
31.84,117.26,2222,21.34399616509164,16.114967158268264,5
30.48,114.35000000000001,2219,7.638571801518072,7.620554707905721,1
40.02,116.27,2219,30.758178142514954,21.110544793352776,27
29.86,121.58,2211,5.034708260106167,6.792697865419907,1
40.15,116.53,2208,62.4489621970718,25.74551335691914,5
40.03,116.28,2208,30.062943040576062,20.347188992886625,12
31.59,120.36,2207,11.221642748322814,12.37647741420184,2
38.88,121.58,2203,9.6403945351038,12.171738336845417,3
40.660000000000004,117.28,2200,5.930475214428835,14.509157270824549,4
40.38,115.9,2197,13.836785061191462,20.295663361425337,4
31.23,121.45,2197,10.608590840882169,13.327937274951944,3
40.24,116.26,2195,21.011475790768063,18.67362017738867,11
40.09,116.28,2193,39.546534168687764,33.79889877460966,17
39.92,116.71000000000001,2192,71.68305927806584,15.032325979823971,13
40.33,116.03,2190,44.150790790748914,19.604514069133387,17
39.68,116.32000000000001,2188,76.89517610471746,17.19051749632474,6
39.89,116.42,2187,20.721708883529857,21.847798714772516,15
39.81,116.15,2179,20.18033115138922,11.259002892735158,5
39.84,116.48,2175,60.470232292484226,16.16667100393058,21
40.34,116.83,2174,50.830858227269054,30.50487231110012,27
40.07,116.02,2172,6.573933918985177,16.758849118634455,3
40.06,116.56,2171,32.030623289999426,19.920752287842305,7
40.050000000000004,116.56,2171,12.899233519202447,21.919496964112785,5
40.13,116.14,2166,13.196302952263025,18.414118164973186,12
30.66,104.08,2165,7.160079370993018,6.8585283154429915,2
39.93,116.74000000000001,2165,72.78133925642531,14.795291930232894,13
40.25,117.16,2164,4.039051547951706,2.9522778504976848,2
40.56,116.78,2161,5.496177211042786,6.414336653434637,3
39.94,116.2,2160,27.08352784481673,16.630073775483538,9
39.97,116.22,2158,32.51761485961957,15.10785949338609,7
39.82,119.49000000000001,2155,13.424267356707434,16.243368884684042,12
39.94,116.29,2151,35.169440313760845,24.1770918525901,25
39.85,116.27,2150,30.748306272450787,20.59639768212561,1
40.04,116.21000000000001,2149,23.42812285564186,24.251529363856655,12
40.25,116.55,2147,96.62223757997408,18.017510245077617,32
41.95,117.76,2145,5.839823188951245,6.2360491781917835,5
39.89,116.21000000000001,2139,66.26835453610286,20.425155959444496,26
40.1,116.52,2137,55.391245918681236,16.885602792025562,7
31.59,120.32000000000001,2136,18.38214637643112,17.18700959444197,2
39.93,116.65,2129,44.18014251125003,18.493520283427408,13
40.42,-3.71,2126,2.786901659376161,6.474746023045452,2
40.25,117.15,2121,3.8029789056725254,2.285343802984372,2
39.86,116.62,2120,50.361685931146596,23.20033237100351,12
30.27,120.16,2116,9.62292860702928,13.948098647667898,1
39.83,116.21000000000001,2110,54.69474401846093,25.812500354917027,14
40.1,116.63,2110,1.0346473008828339,5.4118464844215985,1
39.92,116.68,2110,63.77972837464243,10.615178432987287,9
40.22,116.2,2109,55.08585081063769,24.726930440499114,24
39.92,116.67,2109,64.36369781812705,12.503502508351726,8
39.77,116.28,2105,88.81499158246002,29.363030282776137,19
39.82,116.21000000000001,2104,53.59211905460353,26.858565831988415,16
40.28,116.08,2099,59.38926256394791,22.72622093908906,24
32.97,114.01,2099,7.037308314293684,9.039524960741549,3
39.83,116.39,2095,57.136934127837236,17.78797421973801,11
38.88,121.59,2094,7.144624115427761,6.690114654050846,2
40.03,116.37,2094,37.486386692022855,23.06336631979656,12
40.25,116.54,2090,100.08684104270571,14.81754837957007,32
40.13,116.34,2090,5.917298645048821,10.563346947544488,3
39.9,116.60000000000001,2086,12.870393591300425,26.3442557432267,14
39.82,119.47,2081,19.554991770175395,12.410024828318864,10
40.08,116.35000000000001,2078,22.16767754142483,20.059392882056443,8
40.26,116.11,2075,64.94102238347335,23.84260766652949,24
30.28,120.16,2073,15.467597199393413,17.662682374807233,1
39.85,116.47,2072,37.550485261966756,37.708483344190626,20
47.410000000000004,-121.41,2069,6.139732965284399,8.147735346974164,2
40.04,116.36,2064,31.089743818346705,19.15133790424518,10
39.83,116.36,2063,56.892605372216146,18.559323248471095,10
40.0,116.22,2059,48.73449752090836,22.326559697056567,29
30.17,120.31,2057,14.425143734515869,16.323025140231262,1
36.95,98.47,2055,9.894945386891656,18.539948958859856,3
40.25,116.13,2049,56.07769421813297,29.146223336629653,24
39.83,116.45,2046,56.92287885436498,19.429905824181176,8
39.78,116.27,2044,94.14376628362925,25.648890976202708,20
39.79,116.53,2041,31.11065847811505,39.81251526826768,8
40.11,116.41,2040,45.250760410354935,25.94068715372931,13
27.650000000000002,117.94,2038,3.7503599660687663,3.124565855792632,2
37.81,112.58,2027,21.091220495245484,21.16174793009264,3
40.24,115.97,2024,3.7544963581744755,8.855174448342602,3
40.09,116.27,2016,23.602841313629984,23.109264358059324,9
39.84,116.46000000000001,2016,17.40356036899776,27.384356991051888,7
30.54,114.29,2014,11.420741586315758,9.211721380515531,2
31.59,120.33,2013,18.45957434531912,15.797514338956082,2
40.37,116.83,2012,28.58666490795511,17.106242050022715,17
40.09,116.33,2004,13.772354528310082,15.045828590604463,7
40.13,116.42,2000,15.3967031115992,16.480200977197374,1
40.14,116.55,2000,52.14475662077506,20.9496251604753,6
40.29,116.07000000000001,1998,45.54101531331672,23.317173053564712,18
27.64,117.95,1996,16.40304092439214,21.91396881322353,2
40.050000000000004,116.09,1995,5.282588149333301,15.223904661002727,3
39.68,116.31,1995,46.51412768839788,7.818741405107363,2
39.82,116.25,1994,84.05987159365841,6.753263400906806,9
40.27,116.10000000000001,1992,64.38649245892476,25.008775560417504,23
37.45,126.45,1988,5.380379926545424,9.303817528654662,3
50.11,8.66,1987,9.564241719518733,13.287049291896656,1
39.87,116.53,1982,49.68384138366279,26.996666722909417,17
39.71,116.34,1981,81.85783512374327,31.662652649081092,23
30.27,120.17,1981,41.21901497773702,19.06072800005478,1
40.09,116.58,1980,36.544379456781655,18.703411464466953,16
40.26,117.24000000000001,1974,2.6475317087020254,3.7909433576434166,1
25.76,110.12,1970,2.8583989448609826,2.555866845070439,2
39.92,116.7,1958,67.82216651965656,4.762724801588964,8
31.45,91.99,1956,9.436830207489715,8.824055761540121,2
40.12,116.41,1950,29.813307345549244,22.88208730607725,14
40.9,117.33,1948,31.973746294853658,9.696557346563203,1
40.36,115.97,1946,42.63046893221039,28.85637897361549,22
30.25,120.18,1945,18.180312948056287,18.792419127071877,4
44.980000000000004,-93.23,1944,4.2687363340580164,6.526323964068549,2
37.86,112.56,1941,10.742371791223688,13.799828935960504,2
39.83,116.41,1936,58.6882492305637,16.350415680357298,11
40.39,116.89,1935,52.82828205426474,28.670819791511516,24
41.410000000000004,2.15,1934,3.4305905010343727,5.663054488928928,2
40.0,119.91,1930,2.8550676340678085,4.750333709150697,1
39.88,116.66,1929,26.579833383741505,19.143982578784236,7
39.92,116.52,1928,18.13839046715347,14.045668668203678,17
39.910000000000004,116.23,1927,30.601075969147384,18.441497341741453,8
40.08,116.26,1926,26.5317580422402,21.947324684032562,11
40.34,116.82000000000001,1925,73.25787666483187,35.22786762087534,26
39.77,116.29,1914,50.85511387670278,19.502466420733725,10
40.03,116.58,1913,85.0862837645448,10.313361121761037,27
38.9,121.56,1907,19.698819778406744,17.741646295429376,3
39.92,116.69,1903,67.71602487898183,4.414050172472757,7
48.86,2.29,1902,2.7277284341477515,3.544840664299891,2
40.050000000000004,116.28,1902,21.175912123210022,18.503562234529653,12
39.74,116.13,1899,11.83237922073769,16.411430525179558,3
39.89,116.49000000000001,1896,30.313006509468924,17.57999005523164,10
30.650000000000002,104.05,1895,6.6032748457551795,14.389460273154254,1
39.14,117.18,1891,8.671064317826048,9.3354589030646,4
39.2,117.18,1890,137.6298142596652,55.974047821763214,15
29.580000000000002,106.45,1889,8.209261676810343,9.956237776835872,2
39.78,116.45,1881,12.699019562483286,13.662825516337186,3
38.81,121.26,1880,8.491987593251135,10.210553360890067,1
43.980000000000004,11.22,1876,14.016093681451125,19.222879959800043,2
39.85,116.38,1875,12.204834023832099,12.029161425270487,7
40.07,116.54,1873,24.056626919185046,26.73743169403586,8
39.79,116.26,1869,82.3238130089067,10.901187480627755,9
40.21,116.5,1865,92.79062310923067,24.544929160341187,35
47.63,-122.15,1859,37.48519935491951,37.031744517093664,7
40.06,116.10000000000001,1854,5.402281244624026,10.414743727440362,2
23.01,113.73,1853,11.986806352580677,16.3634645256767,1
26.32,116.34,1848,11.66448264938676,15.336928314633417,1
40.910000000000004,117.32000000000001,1847,54.894892027839404,9.663101546223196,1
39.82,119.51,1843,14.004156193581824,11.41739841999569,12
40.24,117.15,1840,4.775339921958203,7.277381344354359,2
40.01,119.91,1834,1.990803459936793,6.405020089461663,1
43.78,11.25,1829,9.240705459586358,16.115933098840134,2
31.86,117.28,1820,9.239049243667083,10.86389235542477,2
40.32,116.04,1819,50.649474438383315,14.97784320824255,18
39.97,116.52,1818,53.31757164505365,25.53091431722961,15
39.83,116.49000000000001,1818,62.806407061986455,11.484575051934948,16
38.910000000000004,121.61,1815,19.911607981626446,17.925059017678393,3
40.230000000000004,116.52,1808,100.43860578887012,15.234624645844818,31
37.86,112.58,1808,11.891066170076146,13.70061232569346,3
31.580000000000002,120.32000000000001,1805,19.35712699926986,19.830318544290062,6
40.46,-3.62,1804,12.582493920318502,22.204618510252846,2
39.92,116.49000000000001,1802,11.455582616298193,22.43427711341836,9
40.35,116.0,1799,4.26467901752549,6.197391106731768,11
40.12,116.42,1798,42.24597654265404,18.90202027842264,7
39.18,117.19,1798,86.66495221331424,44.72605635066705,15
38.89,121.54,1793,7.405668402156387,9.923874781815883,2
39.83,116.24000000000001,1792,81.45112481487955,12.833529952148712,11
30.740000000000002,104.14,1788,3.506581238483643,2.586964296021695,1
39.800000000000004,116.26,1785,83.4599768764496,11.966496854445332,9
60.17,24.95,1781,4.096215530236757,4.181606129560811,1
39.15,117.18,1781,5.8062183085046986,10.515784177892858,5
40.07,116.59,1780,13.965151862281358,12.945638397989773,12
40.27,116.63,1775,87.05973465383558,25.325298371003814,31
40.1,116.55,1775,17.356146305552656,21.930539357425832,14
24.46,118.09,1774,7.652311179506768,12.719282133871191,2
32.09,118.79,1773,11.774081195440218,24.29233452344121,7
39.64,115.62,1772,0.482276097536978,4.5284818023810525,2
40.17,116.64,1768,12.67436780175124,27.675926547699657,12
40.36,116.65,1767,27.918161807692037,23.174230248231222,13
39.83,116.43,1765,61.33647002484704,19.59350003412002,9
40.17,117.14,1765,0.562176778254961,4.128717243207034,1
22.57,113.9,1763,6.015653858861156,10.913148756415278,2
38.910000000000004,121.60000000000001,1762,18.60320598469323,18.34515957479669,3
38.89,121.58,1761,13.877686274841103,16.68368864323206,3
40.06,116.31,1760,54.9899814588556,27.291253386944486,45
40.230000000000004,116.16,1757,56.124279390549695,29.772866586403946,20
39.51,118.67,1738,10.359568281655037,8.802224947934823,2
39.92,116.72,1738,72.52043803893557,15.845977670196623,13
37.82,112.57000000000001,1738,14.296764310157448,18.15811314801753,3
39.96,116.52,1737,58.40510847319749,28.008030083907908,16
39.96,115.88,1736,5.801241498987554,8.292673727542835,2
39.96,116.12,1735,28.205159096577106,15.514548787341706,8
42.09,128.07,1735,4.696424471053885,5.034593510039432,1
40.03,116.59,1726,84.18905448165793,11.062718992276269,22
31.3,121.51,1724,5.975330989222459,7.530803023306936,4
23.01,113.74000000000001,1724,10.36845352166642,15.553666818901178,1
39.83,119.51,1723,22.874053522360185,18.483145514780247,12
40.01,116.56,1723,13.552459400535264,16.851099253170666,8
48.870000000000005,2.3000000000000003,1720,5.053196216318806,8.988317069904616,2
37.0,98.67,1720,7.831019939161901,17.786875210598314,3
39.99,116.51,1718,35.95223585995529,19.142242031826193,17
43.77,125.44,1712,6.176415318780009,10.805733967928072,1
40.04,116.2,1711,20.96071048468224,19.771552587558013,12
39.85,116.43,1708,13.765969173717426,17.421677979905787,5
41.89,12.49,1708,4.8361862310526105,9.549870200787112,1
40.1,116.18,1705,4.59234148479566,6.470354631224006,4
43.550000000000004,7.0200000000000005,1704,5.308201832370048,10.66159280572304,2
39.83,116.42,1703,64.89668025042255,16.84825976496019,10
40.02,116.51,1701,51.64518299516637,24.595551946072906,43
34.13,-118.35000000000001,1700,25.94270361325093,22.689723912006663,2
42.04,128.06,1699,5.689248003968612,6.501140497483677,1
39.76,116.27,1690,7.39208511406688,10.86179924165941,1
31.3,121.55,1688,4.510704778661619,7.687009819616658,2
22.57,114.06,1688,3.8672044482180503,6.9485405200883195,2
40.02,115.51,1687,2.6102443005171634,1.7561456324923923,1
39.87,116.66,1685,32.32615757438349,18.741557077654683,5
47.68,-122.18,1685,28.897071091665424,40.0058632646363,6
22.25,114.18,1684,6.999835676651792,13.735752786702161,2
25.75,110.13,1684,15.596991331809583,18.17112302734629,2
31.12,121.05,1682,1.7583806934385529,2.8730171784773746,2
40.0,116.17,1681,2.1277725002519836,1.944079640655562,2
40.1,116.07000000000001,1676,2.1706165122143593,1.817552773776453,4
39.94,116.76,1675,35.81172305268068,18.805500118492528,7
40.22,116.22,1673,21.099613781978086,17.945851806090943,17
30.55,114.31,1671,10.622809198930128,15.461803714733382,8
40.09,116.49000000000001,1670,50.99015115332234,21.55498304762218,11
37.84,112.56,1669,5.96046908535049,12.563903340658191,1
40.1,116.36,1668,24.812572380071188,19.67140373551371,5
42.550000000000004,117.16,1664,20.592391069112786,17.374623018587318,5
37.58,126.98,1661,3.657402631417288,4.439240853415188,1
25.11,110.45,1658,5.025475860448121,7.975125552945824,2
39.87,116.52,1658,57.062093623870986,25.307003143052132,16
38.04,114.49000000000001,1654,17.567961676836322,16.50361840401779,15
39.910000000000004,116.18,1653,18.151745806253697,19.448775895342706,9
40.19,116.49000000000001,1653,99.22919039908946,17.259522579455492,38
40.54,117.12,1650,26.95530115766456,21.654322317505997,15
40.28,116.24000000000001,1650,30.660407086105668,19.2207423329937,7
40.1,113.3,1650,7.485878758172399,9.550415566235609,2
31.48,92.05,1648,5.947965047094839,6.403811970509233,2
39.78,119.42,1642,5.305333151595552,4.603676977347624,2
40.04,116.24000000000001,1641,21.969530754789652,16.69006600685506,13
30.51,104.05,1640,10.55584864818064,14.606549222149132,1
39.97,116.45,1635,19.512414807743433,20.551127391785773,11
40.36,115.89,1633,14.208322702951941,23.07009169896606,8
40.27,116.62,1629,90.46103364265014,19.429105270693345,36
41.800000000000004,117.82000000000001,1626,9.994367591863394,14.889187771703511,3
37.44,110.9,1625,14.622627632652561,18.647152214709813,1
40.01,116.26,1623,43.444840710624455,29.89680514999051,33
40.050000000000004,116.10000000000001,1620,7.153822475763344,18.863497413594374,4
40.32,116.65,1618,42.28341387260253,16.59570546810436,20
34.22,108.96000000000001,1618,8.29351275410134,11.861557723427893,4
40.14,116.54,1616,73.02237496392316,20.373545438913375,5
47.63,-122.19,1613,60.13042206357029,18.423804355437714,7
40.28,116.74000000000001,1612,103.71543825040837,16.647177865468244,28
40.14,117.12,1603,19.582015628872504,16.118315338862562,4
40.31,116.05,1603,43.913336726862376,18.325704884873453,17
40.230000000000004,116.26,1603,42.9297761268194,17.3664606907746,12
39.93,116.19,1601,15.674044383949537,14.892164242234958,7
40.36,116.61,1599,7.699095985716553,14.21588209850196,3
47.65,-122.13,1598,17.201199649941437,20.672416934904376,5
40.09,116.5,1593,59.55795720321581,20.940066506635056,6
30.61,121.13,1592,13.519520170257335,22.409856988461467,2
32.1,118.74000000000001,1591,6.954788147969475,7.538944723253492,1
39.83,116.46000000000001,1590,63.98731601613,10.938454043816101,8
30.67,104.05,1590,6.360487040549457,10.170833031063527,2
39.62,116.31,1588,20.80055774838505,20.099316040158584,2
48.89,2.34,1578,2.1710459651140956,2.600875261587935,2
37.800000000000004,112.59,1577,48.939636715287286,21.117022817187667,2
32.99,114.03,1576,5.613552731233794,3.7078995461104745,2
39.86,116.23,1574,50.403046662826426,18.01836147648033,22
40.410000000000004,116.68,1571,11.348989750907602,21.334450576132973,6
40.96,117.95,1571,16.969187555906355,17.27709384881573,10
40.09,116.12,1568,18.698927958675288,16.082723669843325,11
25.150000000000002,110.43,1566,14.485546704413817,18.668336660675525,2
40.14,117.11,1566,19.58066686913435,14.619532032647383,6
34.26,117.2,1565,22.601865901397538,19.992576317725735,8
39.51,116.7,1564,47.46319676249472,57.35265039580781,15
40.07,116.03,1563,8.534928098423936,12.772720177815572,4
30.54,114.32000000000001,1559,18.522530613643763,16.18245781132154,8
38.92,121.54,1559,24.035781152708427,15.272123038681336,2
40.35,116.64,1556,33.17611199709708,19.220651711751696,11
40.27,116.09,1553,67.08562537987433,24.566822834031722,23
40.22,116.5,1553,101.5925611455013,14.941551159853091,32
39.65,118.17,1552,7.518692376063331,13.160212384284954,2
39.7,116.31,1552,46.912947641021674,18.504639328218474,1
42.53,117.23,1548,19.404234611224062,15.533622090956793,6
40.08,116.55,1545,31.317666756666135,23.947563298646827,14
42.03,128.07,1545,4.573199970917515,7.517151677151489,1
33.660000000000004,-118.0,1544,6.031933320575746,11.409951511464316,2
39.12,117.19,1541,9.539897540311205,12.574715095359904,8
25.28,110.28,1541,13.703315682761891,17.249738317902327,3
40.43,-3.72,1540,4.580374014549339,9.697337320062758,2
31.32,121.54,1539,3.479859087051763,3.971665230433502,1
40.21,116.26,1535,9.533354100576027,17.659545711092612,6
18.27,109.48,1534,7.393137468211472,11.46386757896349,2
39.93,116.26,1528,16.88623021109266,21.895016276058747,11
30.66,104.09,1525,8.41637040515196,7.475616154652364,1
39.79,116.19,1518,72.07434701875547,28.26098029673343,21
40.06,116.54,1518,31.649519144244675,22.98259070071439,15
40.0,119.76,1516,14.162451926713478,16.890125856490222,10
31.59,120.35000000000001,1513,25.184735216434934,14.571063573585977,2
39.9,116.49000000000001,1512,28.847867878963818,22.123662533148956,14
39.81,116.26,1511,85.07824168978635,6.977132199710045,9
40.26,116.27,1509,7.747544115918598,10.362645827256042,5
39.83,119.48,1509,22.86990253449654,18.171451304030082,10
40.34,116.64,1508,50.81400786841757,20.00510797766747,11
40.34,115.99000000000001,1507,4.186932808861878,5.855713399423865,2
39.1,117.22,1504,7.601671347336237,14.842008211384838,5
23.01,113.72,1502,8.55102174897875,16.50390064681811,1
40.24,116.13,1502,34.13843844235805,15.286807739538085,15
43.71,7.26,1500,7.946443057507502,12.417787697975854,2
18.29,109.2,1499,3.105291518537508,3.9245202758852282,1
40.26,116.58,1498,97.17901990718552,20.817621838965728,32
38.910000000000004,121.59,1496,17.62202145065485,17.151354970558312,3
39.88,116.33,1491,10.466939757372655,15.796672416552603,4
30.26,120.18,1491,32.84785744578037,21.477696038336436,1
40.07,116.14,1488,21.7634044559432,24.64149650539024,8
40.15,116.49000000000001,1488,86.41353364960548,15.749632039583824,5
40.36,115.96000000000001,1478,47.85574025125889,32.70269412316249,17
40.56,116.8,1477,21.16026521376271,19.318547532217757,6
40.27,116.61,1476,99.73688619143336,16.591736755212974,31
39.95,116.53,1474,68.64121995829238,19.259844964800692,15
47.61,-122.2,1473,8.963337606932011,11.918117619235478,5
31.21,121.48,1471,10.361563765634271,12.103135235888153,1
36.63,101.76,1469,6.605821840042228,10.906616407977612,1
39.76,116.35000000000001,1469,14.70087975356861,14.99017729328804,3
40.21,116.23,1468,15.333102126259964,18.578183011320117,12
42.35,-71.09,1464,6.447880359093258,7.849631242487446,2
40.29,116.58,1461,43.06920388119352,15.191801401081847,7
39.81,116.16,1459,28.25875375696927,21.174367399370414,16
39.84,116.23,1458,53.98501490599652,27.84332282431958,12
44.97,-93.23,1458,19.325330392451665,17.57238988634962,2
39.980000000000004,116.21000000000001,1457,77.69078047888077,12.725451355076506,18
40.29,116.75,1456,107.03032226355268,18.129238225347745,26
39.660000000000004,116.67,1455,42.60342068609447,23.850102126555395,7
32.92,115.86,1452,10.72913424931004,9.434765168533612,6
41.9,12.48,1452,4.215181142911848,6.450522861518814,1
40.050000000000004,116.43,1452,14.964311381650132,17.287575494704775,5
39.800000000000004,119.42,1451,18.426588195411494,20.6544910159279,10
27.64,117.97,1450,18.815162691534407,19.26310461375758,2
42.53,125.68,1450,4.535480093988627,7.539990287527514,2
40.94,117.34,1450,47.01904190411152,15.066016534522005,6
34.2,108.92,1449,7.58008713287142,11.556166723245463,1
39.0,113.59,1448,15.616459526227889,18.823355643084213,2
40.42,-3.69,1448,2.8416548220132074,3.1004018945253082,2
1.35,103.78,1447,4.637173858214402,3.4453153541546433,1
30.53,114.3,1446,6.193593480340891,7.449207022455813,1
36.58,116.24000000000001,1446,7.502053390061688,8.22979883662132,1
39.13,117.22,1445,40.62375355257467,23.05870396429566,4
39.62,118.11,1444,4.856795129784667,8.978278579935319,5
40.38,116.84,1436,31.08606785435892,19.012739739240207,12
40.22,116.19,1434,66.55499239927441,22.00907619938649,24
40.18,116.36,1431,4.5245406194154665,4.335385383606507,1
39.92,116.15,1431,22.1997008728689,20.186074587148454,13
40.27,116.60000000000001,1430,98.96186276116707,19.456377358628867,31
39.86,116.56,1429,3.721195910961797,8.203364417310341,1
40.26,116.56,1428,96.33126418083481,16.643436167689007,33
39.81,116.19,1421,30.427604957302357,13.801536924365982,7
40.07,116.21000000000001,1420,36.94387223190274,21.035695427437226,14
30.53,114.29,1420,9.510555656570642,9.789679984129265,1
39.18,117.2,1419,129.06286729961812,35.65970029026747,10
32.09,118.73,1418,7.773778657828642,6.841532837195619,1
39.88,116.09,1417,38.64574799304184,14.803633696661889,5
26.02,116.36,1417,4.115058045487259,2.6384584253341963,1
23.51,120.81,1416,8.833474888820797,13.630965744081728,2
40.22,116.51,1415,94.7617332618263,22.68825328981945,32
40.45,117.01,1414,50.30291146577217,15.020557231918707,19
40.38,116.88,1410,43.369715851264445,38.24512788872109,21
39.9,116.61,1410,41.60690307742791,25.86690060733682,22
31.23,121.5,1409,8.371139355910133,9.178042306643897,1
47.62,-122.13,1406,6.413026437803127,10.562472413302858,1
40.06,116.04,1406,4.426416412049704,15.708238557277186,4
40.4,116.58,1405,4.066410434057777,4.94521151649399,1
39.92,118.89,1405,15.545880261279043,33.04550610668155,10
37.37,-121.92,1404,16.66377911437532,20.669796755321155,2
40.230000000000004,116.51,1402,97.14404243179644,22.037424548807696,32
36.99,111.82000000000001,1400,17.820218628432066,6.745914569850159,1
39.9,116.54,1399,71.46411555747055,16.09093914533042,18
30.26,120.17,1396,40.591635672406824,22.076550733836235,1
31.19,121.49000000000001,1390,5.209711254151412,7.258178510447483,2
40.27,116.67,1387,89.62529093069168,29.49300617340212,28
39.81,116.18,1386,25.704581314053794,20.865416156911895,18
41.9,12.5,1385,5.483028410692217,10.668788951873642,1
39.87,116.08,1385,18.61741206662127,21.88001150921294,4
40.18,116.56,1375,4.538461427382599,14.206612264432353,6
39.83,116.07000000000001,1375,9.824610162857319,12.533704096298111,1
39.87,116.65,1370,51.25093934865509,16.452199303295373,2
39.86,116.12,1369,3.5251628980172516,2.200873822572398,1
40.12,116.55,1369,57.54035204649038,21.916357579950894,11
39.800000000000004,119.43,1368,24.390145148525967,16.043653668480847,10
39.56,113.18,1366,4.208550324772004,7.342213279567105,2
39.92,116.5,1365,13.76012217272576,16.98052474781225,11
33.79,119.78,1363,10.52781411182175,11.412421219578045,1
34.28,108.96000000000001,1363,12.805503173438757,12.482543697056634,6
40.99,117.9,1360,5.887580259622278,10.426619975369123,4
39.97,116.17,1360,2.991023114233487,4.986184699946163,2
39.77,116.53,1359,6.260832585395766,14.498202250980162,1
39.800000000000004,116.47,1355,37.68449703893734,25.202874601473535,12
40.46,115.77,1354,5.994992937509133,7.620535794635806,2
40.42,-3.68,1354,1.8857350504128663,2.2603953457997874,2
39.83,116.23,1353,76.5289490366527,15.795660615221962,12
39.95,115.05,1352,3.2061453901682992,3.9812699216186833,1
40.15,116.5,1351,94.42051583833701,15.769948534230469,5
40.93,117.33,1349,21.543854566565994,11.191660884069346,2
40.31,116.76,1347,105.3577429624251,18.892022035543956,28
39.95,116.13,1344,31.288554027014047,15.907846426643129,9
40.24,116.15,1343,67.6869482420423,29.977553761988133,21
39.85,116.41,1342,31.34178541825599,23.157637643777864,10
44.980000000000004,-93.17,1338,11.173052264187374,18.875227397040472,2
40.12,116.62,1335,45.99519401742104,33.997716187419265,11
39.82,116.45,1333,29.983250565135197,17.691381407943663,11
39.87,116.51,1333,65.7539849609213,15.854580783531544,15
40.15,116.51,1333,95.41996504907098,16.56696097432476,5
40.04,116.22,1332,34.25525587038787,18.930770302333173,13
40.04,116.44,1332,57.767648549925106,16.002616694375153,20
31.89,117.31,1331,13.594754712577233,14.114356603014816,3
41.0,117.95,1330,23.946781704668755,16.293032124802554,4
38.86,115.47,1329,34.815122478229426,30.163369087284583,16
39.87,116.55,1325,50.04724559063755,27.10800319730901,15
1.28,103.84,1325,6.65748751985137,10.28829129334223,1
40.300000000000004,116.24000000000001,1324,9.661038671641492,11.996966143483224,3
40.06,116.42,1324,9.72779628247437,15.58159734283977,5
40.24,117.04,1322,5.454207161079532,9.687779260269004,1
7.890000000000001,98.29,1321,3.8089663410818924,8.057204108316254,1
39.910000000000004,116.63,1321,34.4690668694192,23.267545749960522,23
39.86,116.11,1320,3.26393419902182,1.9286999280962924,1
40.24,116.14,1318,62.14934354102826,25.136971617029392,20
27.63,117.94,1318,14.095489932181486,18.735469278365183,2
40.050000000000004,116.53,1318,41.37803126099584,17.666579596957536,14
38.88,121.57000000000001,1312,16.085627425911646,18.483035421841063,3
39.83,119.52,1312,16.012865610332643,14.436074611082972,8
40.31,116.64,1311,35.09605957639243,18.460618878372273,17
38.88,121.54,1311,11.602662844533933,14.20433321213044,3
40.02,116.26,1305,23.12306934907811,18.565514826550963,13
39.95,116.22,1304,13.799613892827928,17.249188419603584,6
40.25,116.12,1304,61.29132587403985,24.19872855252327,24
39.92,116.51,1303,21.02387206428715,14.36913650301577,15
40.31,116.65,1303,44.27003998744944,19.31778378358404,12
36.38,94.91,1301,11.37568590505278,7.989142430699846,3
39.89,116.67,1300,36.584290378697496,15.519729458342555,2
41.94,117.75,1300,11.290804149262797,11.059972955755253,3
34.75,113.65,1298,25.997079350555182,18.287980489555697,13
31.52,117.24000000000001,1297,10.616575016180061,6.112589370110703,1
34.14,-118.37,1296,18.12901527421466,22.607594865262804,2
39.910000000000004,116.22,1294,25.461833869613905,18.230104957428185,10
39.88,116.2,1294,68.47634384578782,22.589588749174347,19
40.09,116.34,1293,20.96733179481894,18.1912139437106,9
39.800000000000004,116.5,1291,11.05304861724449,17.179494188427693,5
22.54,113.98,1290,12.193074252189245,21.873535292550145,2
37.35,-121.94,1290,13.614964674384106,19.456431334732144,2
36.06,120.33,1289,5.251825237346907,10.949326987978134,1
40.12,116.56,1286,42.8620014867503,21.995259937378556,17
32.2,119.43,1286,16.860803203816694,18.402116005224755,7
38.910000000000004,121.63,1284,12.433886707744104,17.322830889452952,3
39.96,116.54,1284,7.386361906103308,10.432874479244445,2
40.19,116.17,1281,0.8393039618374709,2.967243015843034,1
40.42,116.34,1278,9.18850256080551,11.701223902106433,1
48.86,2.33,1278,4.411455025965277,9.454697999689465,2
38.92,121.56,1272,12.256469398055527,13.223120603878483,1
60.17,24.94,1269,5.562472483423934,6.073765321166241,1
30.27,120.15,1269,15.443051823558715,17.21138060269648,1
50.11,8.68,1268,5.259376312442094,5.33494634147018,1
40.410000000000004,116.96000000000001,1266,49.83395008883567,18.972253058319275,20
39.94,116.58,1265,56.68285867852411,24.060522567804515,6
30.26,120.15,1264,9.985773370221871,14.706527525003711,2
27.12,114.98,1263,7.306236412199568,12.658319918919286,1
40.27,116.69,1261,102.53794323024901,24.680312299940436,27
43.83,116.14,1260,4.691464788849371,7.97926188635636,1
39.14,117.19,1258,11.67893495068332,15.12933895219986,7
41.01,117.96000000000001,1258,7.251649726054953,11.728818015691871,3
38.910000000000004,121.57000000000001,1256,15.88574891015495,15.34552823609246,1
40.54,117.13,1253,47.41174163507105,18.52559760156601,18
35.81,116.77,1250,5.392240115842683,9.946341994077079,1
40.97,117.94,1246,24.472615014084653,14.56984097920712,10
39.81,116.09,1242,26.014474233909173,6.7202411571833744,3
40.08,116.24000000000001,1240,2.688649065583671,10.782571712126755,5
39.99,116.28,1236,12.425529735009121,17.22425633185896,18
36.61,101.82000000000001,1236,7.903509752198632,9.872800654271328,3
28.2,113.01,1236,8.374816382490447,13.521915790424089,5
40.13,116.13,1236,22.482900562682925,16.91260153772729,11
40.99,117.93,1235,7.174413193518708,10.136934250486469,5
26.900000000000002,112.61,1235,4.835293913691325,6.7106193769361004,2
37.85,112.58,1235,25.981344270342575,15.390432212613513,3
43.69,7.2700000000000005,1234,3.627685226630586,5.743686178172548,2
39.74,116.14,1232,19.969660797761144,19.291225774135242,4
7.75,98.37,1231,6.86386081538261,16.684707407703147,1
32.980000000000004,114.02,1230,7.328234697150966,6.949357445368476,3
39.85,116.61,1230,44.78968188400747,19.640174177502317,3
40.29,116.66,1228,4.30451538048299,6.614476383864503,1
13.44,103.86,1226,17.312500901430386,16.202170589620557,1
41.9,12.47,1226,3.3069520451142256,5.872886643270207,1
41.550000000000004,127.94,1226,5.166259241208143,3.874344231366662,1
40.0,116.48,1223,9.249515629204877,16.360031359126815,7
39.89,116.65,1223,29.414623343241956,17.72768881473728,9
40.03,116.61,1222,67.72992548032585,13.260416054110236,24
40.07,116.16,1220,34.860656792987484,25.652954398589962,12
38.050000000000004,114.49000000000001,1220,39.72608844079089,17.41593569635854,15
39.83,115.58,1219,5.3531430679984995,5.015976552652759,1
36.07,120.44,1218,5.481418719498,11.965433195713622,1
32.71,-117.18,1218,2.0383297591764724,5.213600588316422,2
23.43,116.14,1217,4.786681245175922,9.661297200492353,1
40.33,116.8,1216,107.00896052086186,19.842295346595854,25
38.910000000000004,121.56,1215,20.553346078021956,18.697362789065835,3
40.08,116.44,1215,7.1186717519556,16.031725670006438,4
38.910000000000004,121.62,1213,26.405480889803222,17.055850882952644,3
40.27,116.64,1210,99.47706423850669,15.94924338796075,30
40.36,115.9,1209,27.40488587823101,33.29875623038639,9
31.2,121.48,1209,3.5649714105033543,8.607455385333758,3
42.36,-71.06,1209,4.622231050220996,7.5005264854459845,2
39.84,116.2,1208,38.64556129589065,20.76563283723004,18
37.0,111.84,1208,25.104154692740828,11.741678418923033,1
42.35,-71.08,1208,7.247975515115334,12.006845597128283,2
40.13,116.41,1206,6.069493013964577,11.308313333527817,1
42.54,117.15,1205,11.189467499849789,11.966386081109137,4
40.46,117.02,1205,53.076895104527026,18.889958839453744,18
47.63,-122.13,1204,10.94436395487477,15.963077152964425,5
40.09,116.09,1203,13.92441953871357,6.912479219897061,6
40.230000000000004,116.18,1203,74.15051526563994,25.91497771884795,19
49.870000000000005,8.65,1202,7.785674580011828,8.672988301748278,1
39.81,119.47,1201,15.998435246995134,15.036212873575145,8
39.99,116.7,1199,18.72380593832065,21.04920992771415,4
39.65,116.66,1199,37.588439425589385,13.790296541685642,1
47.64,-122.13,1197,18.569897119398863,21.11200445372868,6
40.35,115.99000000000001,1197,21.92917521528923,26.065832418510148,16
47.62,-122.19,1197,48.11743077171108,29.520841424735707,7
39.62,116.32000000000001,1196,48.474629203380026,18.60027474828123,6
39.63,116.32000000000001,1196,50.595032973874346,18.647974398596187,5
39.11,117.2,1194,6.473204004300312,8.08618914157053,5
40.5,117.06,1192,44.31318721713279,22.17007490539791,16
40.27,116.66,1191,102.27401380673727,20.731143958989964,27
40.11,116.52,1190,64.40005294482157,16.73814054821625,6
40.02,116.55,1188,45.536737620743175,11.891486049989192,12
40.300000000000004,116.75,1186,104.22403345041612,21.280922332092683,27
33.57,114.04,1186,28.856944594991734,24.609666435250396,12
40.47,116.83,1185,34.837618106804584,20.434279665097897,8
39.37,116.54,1183,2.2117646628542915,4.602829884636231,1
40.550000000000004,117.14,1182,64.2127565822531,28.478892672493135,19
31.0,103.61,1179,3.510650439257178,5.352739535564785,1
40.32,116.78,1179,107.53503857227095,18.561948173168314,26
37.56,126.98,1178,6.62669484623185,9.745853543587362,1
44.980000000000004,-93.18,1176,1.8170962275035294,2.795923083079214,2
40.36,115.95,1176,58.51860723019724,22.89737131418263,17
41.75,125.97,1176,6.715369156974071,9.4611342726141,2
40.07,116.22,1174,43.09729891363814,22.799423561856756,15
27.67,117.96000000000001,1174,6.595341046592629,9.22661052100465,2
25.26,110.28,1173,21.360941020999043,20.079055379961968,3
39.78,116.18,1173,73.71597338964852,34.31521110961105,22
39.92,116.53,1173,27.50999972218161,19.234709033268995,13
42.03,128.05,1173,5.911170416068413,10.003146090468078,1
39.03,117.67,1170,14.918334261939542,19.709422369062402,2
46.59,125.03,1170,9.653921125526114,14.008184393242079,1
37.82,112.55,1170,8.244702662943503,14.345986334897402,1
40.0,116.18,1169,3.5197847544074956,5.01758912754039,3
40.27,116.23,1167,36.27723117151369,17.210957206709118,6
46.63,124.91,1166,22.099207458139695,15.902521056445988,1
39.86,116.21000000000001,1166,80.43421085541037,12.216021624501087,13
40.13,116.55,1166,48.45068796966892,15.57198273807763,4
40.28,116.73,1165,98.41549815140587,19.137525607991886,28
39.82,116.07000000000001,1164,25.41680584153963,4.632825172744986,1
34.1,-118.34,1164,21.526135594036035,17.98102636980049,2
40.15,116.55,1163,38.89925254987345,17.28885184964867,4
18.3,109.34,1162,5.994196907347291,14.995265781816153,2
41.56,127.94,1162,5.01523539796968,2.7851716705836513,1
40.46,115.98,1162,13.95263242939489,14.649891805577056,8
39.87,116.57000000000001,1158,35.18945674418522,26.272937805487242,14
46.63,124.92,1158,13.923065589742956,16.24334108707955,1
40.300000000000004,116.64,1158,48.552509840357125,20.829405315639008,15
42.45,128.13,1155,2.7510909657962817,5.862803139527411,3
31.23,121.41,1154,6.80429812927459,10.379113375937571,5
39.980000000000004,115.04,1153,6.585910264558542,6.935813117989698,1
40.7,117.16,1153,38.82918793071146,23.60045527627412,12
39.78,116.31,1152,65.21092740902372,24.72756112732282,10
40.29,116.64,1151,44.02858061466631,23.26541743537764,14
40.27,116.68,1150,100.90167414541133,17.328417829977223,28
41.9,12.46,1149,3.795468560626621,7.862163133252655,1
23.02,113.74000000000001,1148,16.653644327921896,16.803359574814788,1
30.51,114.34,1148,17.29654079005506,12.496987217961284,1
40.42,-3.7,1148,4.602840692080342,9.683522420595283,2
18.3,109.15,1147,4.205144717364093,5.811262271916838,1
40.01,119.76,1146,5.636390290724298,7.830558809356815,4
40.07,116.15,1145,38.247258476198525,23.50572800696613,13
40.94,117.33,1144,46.44055529902396,25.390406552304874,6
40.27,116.65,1144,103.66030059381944,16.33877424473641,28
40.33,115.8,1143,47.21350150555286,21.06989751464549,6
48.08,-122.19,1142,36.95756810759763,20.753421935558215,4
40.36,116.83,1142,43.611816910258845,18.646723378200694,12
40.12,116.52,1141,66.66741926222873,18.445341465976156,11
39.21,117.17,1139,85.2424455514243,40.395690786702616,13
42.59,117.15,1138,2.6077998836922216,2.190972515113128,3
40.35,116.83,1135,74.77002842162065,29.98572658803536,25
1.29,103.85000000000001,1133,4.0893496406963665,3.818627744534925,1
40.29,116.24000000000001,1133,29.38511332001614,18.199347731681417,7
27.12,114.99000000000001,1133,6.41430676104542,12.012535380273071,1
13.42,103.86,1132,19.15958021402624,15.330543737565689,1
31.34,118.38,1131,4.747492073804611,1.428080933591347,1
39.800000000000004,116.48,1130,22.780105908755104,19.743734228497885,8
37.37,-121.93,1130,33.948819400257584,17.813826087517004,2
51.410000000000004,119.97,1130,4.973470385919634,4.627580190801374,1
40.56,117.14,1128,50.34009251768772,15.579811016106426,18
36.1,-115.17,1128,8.932283073394247,14.53226791410812,1
37.93,113.92,1128,3.240930760717014,14.557253955957448,2
1.31,103.85000000000001,1128,4.694506313708728,3.6929753780238976,1
43.99,11.21,1128,2.274410816774086,4.192127435476618,2
40.230000000000004,116.17,1127,80.98898410314804,19.008629488686196,20
39.78,116.33,1127,53.67527279926838,14.282137300965367,7
40.11,113.13,1126,3.1469115054509706,4.094080989006171,2
40.25,116.26,1125,11.384466268191904,13.64152234847892,5
39.81,116.55,1125,49.00183968172808,19.01851048136719,3
40.63,116.69,1124,8.982561537368422,10.069498786523198,1
39.11,117.16,1123,7.629752775615449,9.198929175374778,4
39.79,116.49000000000001,1121,13.23945577657992,14.399304791658677,3
39.81,119.43,1119,26.82406246894502,18.323647104245385,10
39.160000000000004,117.16,1118,29.08365306557343,27.12381604958231,9
39.78,116.52,1118,12.589714254586895,20.333013323393992,2
42.36,-71.10000000000001,1117,5.771815053533774,7.541472015794983,2
39.96,116.17,1116,2.6152477066724873,2.2436524945707763,2
36.63,101.75,1115,7.490414087913628,11.025131048452776,2
27.64,117.96000000000001,1114,36.589229578268295,21.191586505405677,2
39.64,116.32000000000001,1113,55.72537273121753,25.234263937319515,6
43.99,11.22,1112,7.734795492782251,13.703070375283927,2
40.57,117.15,1111,54.34982914630179,16.013671466312747,17
43.910000000000004,125.32000000000001,1111,7.977774610970788,12.586539063720116,4
40.24,116.21000000000001,1110,32.95651380192545,18.33528381172071,6
40.06,116.35000000000001,1109,31.56581727180828,24.403948082021902,13
41.9,127.91,1104,4.910701811655207,6.6539934050821135,2
39.75,116.14,1104,37.99202189177167,26.814069451755966,9
40.01,119.75,1104,4.358749814502085,3.6442284517664087,5
40.26,116.26,1103,16.044909010703226,15.792333816282556,4
43.24,117.53,1101,12.101131278086111,14.451384675788663,1
40.21,116.49000000000001,1101,90.62226243018785,25.236820817666462,36
40.550000000000004,116.81,1100,17.243288901294147,19.656913991857508,6
40.07,116.29,1100,65.34111463819173,28.22265246590158,24
30.48,114.38,1097,7.309077150350669,3.88607983674023,1
40.0,115.64,1096,3.4529284640073405,3.193137577341173,1
40.35,116.84,1095,89.19046863349473,35.70735147763371,19
40.02,116.62,1095,47.92596260774978,24.184481079843533,5
40.410000000000004,116.93,1094,58.78184511353605,13.960794259819496,20
40.1,116.28,1093,68.83868292925456,29.265951893107754,36
40.300000000000004,116.60000000000001,1092,42.400131872380896,14.153927114044187,7
40.410000000000004,116.95,1092,56.015370848219334,15.448408049144486,20
40.730000000000004,117.31,1088,37.39358706511234,29.150228906114442,12
37.37,97.37,1088,6.923834990715673,7.3502957771849635,1
25.27,110.28,1086,18.79904425519865,15.060995978487757,3
31.17,121.39,1085,5.460448251956143,7.337792900882622,3
30.48,114.36,1084,10.73263974327598,8.291248508747303,1
40.28,116.71000000000001,1082,104.55011473268306,20.52460433111789,27
39.81,116.08,1081,28.922732278806514,4.572916295276195,2
30.580000000000002,114.29,1081,7.868760667883136,8.397094611848965,1
31.18,121.48,1079,5.684271248938891,8.788367296370332,3
24.740000000000002,118.14,1074,8.547850640205091,15.250223389972113,1
39.94,116.53,1072,44.72445684625911,28.44150481490631,15
39.93,116.18,1071,16.19586172122439,14.267143502526821,8
40.72,117.3,1070,54.515049662918834,29.057643341181166,12
18.23,109.52,1069,13.227701133909141,10.576892806076165,1
25.26,110.26,1068,29.52088524421266,18.32253825538099,2
39.95,116.81,1068,14.106604683032767,19.4890896084413,2
40.28,116.72,1067,102.86083692199593,17.631866669597787,26
31.44,91.99,1066,17.040526778787672,14.50685777569561,2
40.06,116.36,1066,17.944515918506003,17.37253930100449,8
47.65,-122.14,1065,23.143758442675903,26.50705766848489,6
40.68,117.24000000000001,1065,3.6142732147875076,2.3461504343153807,2
38.89,121.56,1064,19.78555745006584,17.044347476938498,3
41.14,126.21000000000001,1064,5.744379279281865,7.423306009884845,2
7.92,98.37,1063,19.041725786586095,28.32453230578236,1
26.34,116.34,1063,12.174467496768644,9.969613968596082,1
40.43,115.98,1063,25.25344206698097,26.36812594505432,10
24.44,118.09,1062,5.248469432397364,15.533548289240402,2
25.17,101.71000000000001,1061,4.9096223762725675,9.87101682849796,1
26.92,112.61,1060,5.978965852678358,9.88466854671151,1
26.29,116.38,1059,5.984107579826652,7.131873141556516,1
39.93,116.63,1059,22.25835328489097,13.533679758996215,7
40.26,116.59,1058,102.06513464058213,15.427173486492634,32
39.9,116.5,1057,36.12922431896955,25.791875838008583,9
39.95,115.89,1056,6.8798423795143195,8.135807024156092,2
29.82,121.46000000000001,1055,3.8944320177187626,7.870443921595918,1
30.17,120.3,1053,26.683948926458108,19.816184315670785,1
40.04,116.60000000000001,1053,47.61798843674533,30.40601025463443,11
39.84,116.36,1052,17.274711658823467,14.227470867004088,2
41.99,128.02,1052,3.654816158576359,5.269858999920832,2
50.120000000000005,8.66,1051,10.159625376631118,14.271674228884645,1
40.06,116.12,1051,26.789404703381617,13.891076888520914,8
39.11,117.18,1051,8.608353209288705,9.697802233751982,4
40.42,116.99000000000001,1050,67.28412841196995,11.390053367423036,19
40.12,116.47,1050,29.769664269323318,20.16989251706852,9
39.12,117.2,1049,19.805225808162977,15.20736171681337,9
42.480000000000004,117.27,1049,19.153770960916415,15.542819745129226,6
38.82,121.26,1049,5.628882677473755,6.5383625503567595,1
25.26,110.27,1048,20.281093500976947,17.087086704964946,2
29.75,105.79,1048,8.386501612541196,12.503743570356896,1
39.89,116.64,1044,22.53936902180388,21.31190763498023,11
40.37,116.67,1043,20.06135499690104,28.0881938125392,7
40.07,116.11,1042,24.495348743197287,14.572166888532958,11
39.71,119.16,1041,6.8259448434307535,5.01185400435019,1
40.01,116.49000000000001,1039,47.19214254696774,28.367545530335953,23
33.33,116.32000000000001,1037,2.9329135092071317,5.361112702325644,1
13.36,103.86,1036,15.318388777173261,10.082056803330378,1
40.11,113.12,1034,2.5585942471236183,2.0552284645562096,2
39.96,116.09,1034,38.04141454480989,14.482174107233183,7
40.28,116.63,1033,29.265075741879418,24.72768789661127,13
40.730000000000004,117.32000000000001,1032,41.18434315154516,38.64205032872715,12
40.07,116.18,1031,46.59175220757328,21.572310245994455,13
43.980000000000004,11.21,1030,20.79137335735838,30.816370858347433,2
34.24,108.9,1029,10.254028150305569,14.732566316829857,3
39.93,116.11,1026,30.46769127457683,19.76564140357847,7
30.18,120.3,1025,35.87983125969667,22.655031601608908,1
39.77,116.27,1025,79.87441347818412,24.42400533701535,19
27.64,117.94,1024,34.053560923462754,21.350304052044354,2
40.04,116.51,1023,19.321038689603515,28.832406553740398,8
39.86,116.65,1023,47.11342452115903,17.10439708711886,3
40.03,116.39,1023,19.94126672477852,28.303170343042506,11
40.04,116.23,1020,40.72061764751275,19.429710914235073,13
38.980000000000004,116.13,1020,5.559188726361112,8.315428717750954,1
37.87,112.56,1020,6.615002747394177,10.881064687961066,1
40.07,116.13,1019,34.366284731822944,23.399093359618824,8
34.27,108.94,1018,11.372675302576653,13.620881148740795,2
40.410000000000004,116.98,1015,67.29379129169617,13.940569138633329,17
23.02,113.77,1015,5.643377148904811,12.137569259918212,1
31.17,121.4,1014,5.095069575062024,4.069717663864782,3
39.95,116.58,1014,71.12554173952215,20.11428633153285,6
34.21,108.92,1014,5.39656208161251,6.364568385395587,1
39.94,116.10000000000001,1013,38.28208299676115,19.017317852238044,5
49.63,117.35000000000001,1012,4.178924504408359,4.200221996403082,1
40.1,116.19,1011,5.153509335120568,5.304375084838821,5
31.19,121.48,1011,6.681390718128672,9.912866256242994,3
22.56,113.9,1010,6.568433274855315,10.256024541571803,2
39.17,117.18,1009,50.575884746230706,18.27396994453998,10
40.13,116.52,1009,58.104783667824286,15.978299882272356,3
40.12,116.65,1008,44.58453669257258,18.200278002483955,8
39.92,116.64,1007,48.041425572801934,25.79390483078448,13
38.97,116.10000000000001,1006,30.353829774753784,8.785090879857298,1
40.12,116.58,1005,43.86076493570071,24.637266543378022,15
30.18,120.26,1004,25.23420672483405,18.504147161361583,1
39.96,116.5,1004,15.334256512706265,13.45177578324498,7
40.410000000000004,116.94,1004,61.15005016743751,12.369747709421803,20
39.86,116.5,1002,14.068118981247464,13.960565166108722,5
40.050000000000004,116.42,1001,46.623525301116544,26.60928024938556,19
38.03,114.48,1001,47.46569389238509,12.615909856777687,15
39.85,116.21000000000001,999,40.82420567559185,38.62766769008905,14
42.54,117.14,999,5.419868996042957,7.1432546459130775,3
39.81,119.46000000000001,999,30.88084449262345,17.26712185297663,6
41.300000000000004,2.08,998,10.79762859194875,16.442443707604845,2
40.31,116.04,996,49.93016139148208,16.664389718810853,17
34.24,108.94,995,13.699000223310113,14.778001096805257,5
40.54,117.11,994,44.170035193432156,16.361381055017326,16
39.11,117.19,994,8.393559909480778,10.28949937977316,6
37.36,-121.92,994,36.698482394816224,19.60904825296985,2
39.79,119.41,994,28.944402393696965,20.606034214736646,10
40.28,116.07000000000001,993,54.251111026869516,21.768908777395726,24
39.81,116.12,992,28.383323964218565,6.282023554366112,3
49.59,117.44,992,5.979692515716448,5.903629451429473,1
40.37,115.95,992,38.024599764102675,27.60832634443378,14
39.78,116.54,991,65.02441650849896,29.094686736374214,8
40.83,117.38,988,61.75032562979529,33.60223035379979,12
40.11,116.56,987,37.759028562573405,25.7444280293354,15
39.92,116.57000000000001,986,7.424587125200414,13.18676313342478,5
40.28,116.58,986,69.98345526357076,12.098689510097675,7
39.81,116.07000000000001,986,27.30038598578271,5.315062960699831,2
41.94,117.76,985,13.404039346609688,11.5113179090581,5
23.51,120.82000000000001,984,5.258934986193827,5.250793297877518,2
46.65,124.89,983,3.2354735340439724,7.1081336320929145,1
39.93,116.68,979,20.13845285751001,17.73207023646097,3
32.24,120.76,978,4.493408133561838,5.795384859501543,1
42.410000000000004,117.25,978,11.577679188083469,15.047523804776079,4
40.52,116.81,976,38.6192007811039,13.254419724900457,9
30.13,118.16,976,1.7723071173422258,3.770683906465588,1
36.03,103.85000000000001,974,6.873674665573071,9.480188282955694,2
24.44,118.07000000000001,974,2.135410284219201,1.581948683671946,2
34.36,109.21000000000001,974,2.7971860772754957,3.502662039266754,1
25.28,110.3,974,15.58072367897762,16.30823785114978,2
40.52,117.09,973,54.238414614381874,14.559108261215268,17
42.35,-71.07000000000001,972,3.7665853485366863,4.126158831309164,2
39.88,116.54,972,69.08631741215636,11.746849557023975,10
30.48,114.34,970,16.199165876753078,14.349965650786082,1
40.34,115.98,970,5.205944409521331,3.0904458438135154,1
39.81,116.57000000000001,968,46.326859913770235,18.31913539423524,2
40.12,116.64,966,51.62321277146818,18.20814511983195,12
40.050000000000004,116.59,966,40.900697053919565,19.939004297444843,14
39.72,116.32000000000001,965,65.81456266246892,58.05048657974595,18
39.84,116.29,961,21.750449906970438,22.092781646810288,10
32.51,120.14,959,6.980322983354715,7.933511394496626,1
40.19,116.19,959,31.633198503482298,27.837527948095047,8
39.83,115.59,958,6.28371715208832,5.593449730054087,1
39.18,117.17,953,6.74961080898167,9.493478260191418,3
24.78,110.49000000000001,952,10.460081639944512,6.252990650112443,2
40.63,116.75,951,7.044441674911426,12.125317045530172,2
30.66,104.03,950,5.167898776802085,11.84376241592436,1
40.13,116.4,950,42.95750901246404,26.64461500899908,9
39.81,116.11,949,28.09362161117496,5.976624791788278,3
36.050000000000004,103.84,948,6.4053010428055455,9.489064122385505,2
39.5,118.67,948,7.7899039313786425,7.081839159421094,2
40.07,116.07000000000001,948,3.3090535614524903,5.174132932766008,2
40.24,116.52,948,86.56196148951636,26.563409795326887,31
38.53,114.97,948,45.722347976267336,43.81496811606089,16
39.85,116.29,948,67.74826415422312,32.87978941688883,18
31.6,120.3,947,12.309654573020588,13.463661669527932,2
30.310000000000002,120.35000000000001,946,6.5286253690948115,7.524717178868568,1
40.13,116.49000000000001,945,12.585454405610664,17.189641654764003,6
40.14,116.52,945,64.70978348921363,11.054287225721449,4
39.81,116.45,945,28.69903199858885,14.52394800915633,6
40.53,117.10000000000001,944,50.53712557319239,16.4600617410966,18
39.79,116.29,942,12.771038053359733,11.731646327961581,3
36.13,-115.17,941,4.290448570098025,4.634822558674667,1
38.92,121.64,941,6.944128864374507,9.415090253104506,2
24.8,121.01,940,59.839201034150044,18.950096686876194,2
42.410000000000004,117.26,940,30.013618103870606,24.72977025681361,6
40.07,116.55,939,35.28497730508223,26.514522470042483,16
39.86,116.63,937,56.46197833137981,24.413125028239545,4
31.19,121.44,937,2.971544306473024,7.316165388851817,5
29.69,121.59,936,8.141527317686158,14.906192117705734,1
40.07,116.60000000000001,935,30.37201638893696,27.70308607924059,10
41.89,12.47,934,3.824898781320906,4.090424711938326,1
40.1,116.58,933,41.693132391899056,19.510126653568808,10
40.62,117.08,932,5.430602696125919,12.659970712328727,3
32.02,120.86,931,5.8385019569368595,10.561876401935733,1
39.89,116.54,931,72.53122044255414,14.494935940799259,10
33.58,114.04,930,45.25162233521058,18.99639684612144,12
60.32,24.97,930,4.357989971458117,7.823632075287162,1
40.1,116.2,930,6.021497692086397,6.440270175944737,5
38.9,121.59,930,21.366890234036727,15.487511406165995,3
34.24,108.96000000000001,928,12.257758015408454,13.897321525208609,2
31.2,121.45,927,8.637246016863216,9.621258956085802,1
39.93,116.25,926,36.74395465367311,26.55550645163618,22
40.11,116.07000000000001,925,5.407418473394455,6.66884497557887,1
22.2,113.54,924,5.646473793175871,6.81203467323231,1
25.76,110.13,922,33.24721205269954,12.317664263843856,2
23.43,120.64,922,44.03853651994268,17.574531476089184,2
30.54,114.35000000000001,922,11.726887332464148,11.674133318151682,3
39.79,116.38,920,5.727796096393253,9.276577459887765,2
31.62,120.21000000000001,920,5.551234532635667,7.1281160394516085,1
40.050000000000004,116.60000000000001,917,35.150836030306344,26.130687599702448,13
40.26,116.12,916,65.37099944656723,24.928429179867674,22
39.88,116.32000000000001,916,13.789527952949323,17.66688797835336,9
39.81,116.13,915,29.154212639839642,4.647919115545964,3
39.75,116.13,914,56.07842231717295,37.81453475365718,8
34.11,-118.34,914,33.05324150589844,27.161509487761922,2
39.25,117.14,914,88.20678196730019,39.80332337592769,10
40.68,117.25,914,2.6147717250954567,2.138905398333524,2
39.81,116.56,912,56.95529552199059,15.991376044558999,1
40.36,116.66,912,37.43117030894342,21.950808682147596,7
39.910000000000004,116.11,911,38.22130658276997,18.486146940554292,5
23.38,113.3,910,21.763532500815174,17.602205413854342,2
48.85,2.33,910,6.179762056814922,14.099698735617363,2
41.12,126.18,910,6.8264840943864185,8.672028974695326,2
40.17,116.39,909,27.04849717759461,20.186707818924365,9
39.730000000000004,116.11,908,65.51761930996132,26.92764771846831,8
24.77,110.49000000000001,906,9.833459311741803,8.808652162939532,2
40.0,116.19,905,4.707174263220097,12.106838623623613,8
33.94,-118.41,904,11.308438947769137,14.140048012673136,2
36.06,120.32000000000001,904,5.237657074946985,11.054003257638515,1
41.910000000000004,12.48,902,2.409244928226191,2.86855099133353,1
39.82,119.53,900,9.586401155704552,8.241383133067337,5
31.220000000000002,121.41,899,11.610588980350482,15.857179885709742,7
37.78,113.71000000000001,899,6.6472799539424505,12.595471347106956,2
39.22,117.16,899,92.8427034366584,37.1807827284556,10
39.26,117.13,899,85.97598069319275,40.9450915824576,10
39.89,116.66,898,31.0676647670154,17.537249340821052,7
31.650000000000002,120.38,898,7.506572599569891,9.90184639733036,1
28.66,115.91,897,13.631081921382508,13.979463787369363,5
39.81,116.52,896,54.348216818799706,23.449775933856625,10
34.37,109.21000000000001,896,6.008057513424125,9.229506429995046,1
40.51,116.81,895,37.714512959503004,13.403837443625902,6
39.89,116.23,895,48.31286985544984,34.233847300899505,18
31.18,121.44,895,11.45114397541217,15.054114964391877,4
39.92,116.11,894,45.78011680971233,14.526056852239021,5
38.97,116.11,893,34.90823542812757,12.660710811861414,1
39.96,116.58,891,70.81338057197976,28.31736045142261,6
42.35,-71.10000000000001,891,6.066469122481544,8.528658405673411,1
34.76,113.65,890,39.77445993757887,7.565700339379691,13
40.72,117.19,889,41.47552700115371,13.190871466731013,12
40.1,116.4,888,31.06654438641787,23.3753709500769,6
40.32,116.32000000000001,888,4.364461225738497,5.498757646790069,1
7.9,98.37,886,17.876975327808843,23.439874811398617,1
40.15,116.32000000000001,886,9.522906835353721,4.844405127786934,2
39.1,117.17,884,4.889698980073937,3.3946598344880754,3
22.54,114.01,881,23.417903448175824,25.622598799613584,4
40.08,116.53,881,49.2007188521984,25.76324815537709,7
39.160000000000004,117.17,879,47.95280939229967,17.70032147752527,10
25.26,110.25,878,44.69598903582828,14.716442109504591,3
39.78,116.32000000000001,878,67.15893660846022,16.343060481076705,6
39.83,119.53,877,9.882321527983123,10.42236718598981,6
41.75,123.43,876,8.273198131432256,12.008500030366129,2
40.08,116.11,875,20.304265065433583,12.84316958444482,9
40.09,113.27,874,12.686254651021395,13.054943018374844,2
40.07,116.06,873,3.412225049814156,4.728395399662205,3
40.26,116.19,873,8.620188359768512,9.474587003147228,1
40.31,116.0,872,63.91465672820241,9.979555050583684,15
40.32,116.64,871,23.383248920575273,17.44288047446832,9
40.47,117.03,871,59.420382622710996,14.500839255505895,16
31.61,120.21000000000001,870,5.317582161173594,8.714064947277276,1
20.04,110.15,869,6.606691959425515,5.815412924958928,1
40.28,116.7,869,104.49696251994256,20.19394421961365,28
40.14,117.10000000000001,869,23.026724813388363,13.669321375486128,7
40.19,116.48,868,98.26551543291151,15.483373139336315,37
43.88,125.3,867,9.133587870088117,10.97417824636508,1
39.97,116.09,867,52.94635705727783,15.775434423821311,6
39.19,117.18,867,120.90549376070533,47.47049004926356,15
30.75,120.47,866,1.7417630230695662,1.2915591681518177,1
40.4,116.91,866,73.5939074760628,13.173927066056251,20
42.34,117.47,866,47.392233036978006,17.234467160561913,5
36.58,116.25,865,6.468154877372143,7.939592600822978,1
40.4,116.97,865,64.56864689285877,20.59063101136533,18
40.12,116.36,865,13.923273466953196,13.644823552888894,1
34.74,113.66,864,40.63905641255391,11.73757079250751,11
38.9,121.58,862,18.598832429014386,17.078934151651413,3
50.11,8.67,861,8.657578825870305,10.592768653834172,1
40.49,117.05,861,58.89962135293943,15.01649452902689,16
40.050000000000004,116.26,860,30.669882895708056,20.201819204595843,10
36.21,120.60000000000001,860,2.7772732092265486,1.8574416136500291,1
40.63,117.18,858,52.762955380537235,15.413782075831117,16
25.04,121.56,858,20.210018632738283,24.250003301387068,2
40.61,116.79,857,14.61448545456332,18.48926169742934,3
20.23,110.13,856,5.763817755027667,4.845470649891898,1
39.15,117.17,854,17.962722553485193,15.353611511426616,5
41.79,117.89,854,4.1245876316800425,8.056666146931812,1
13.43,103.86,854,22.364869505474772,16.170356112723447,1
24.43,118.10000000000001,852,8.344663761745528,17.034435257838442,2
40.69,117.16,852,48.95925808881155,17.251327478701118,12
37.84,112.58,851,41.21090127177786,17.363998002944093,3
24.82,121.02,850,20.765037760375947,22.509131450876005,2
40.14,116.53,849,95.46852206710768,15.733613119457829,5
40.050000000000004,116.16,849,28.82930041762432,15.191196406056246,9
39.76,116.14,848,60.251920767711624,30.060720015510327,9
47.660000000000004,-122.12,848,10.047932187049627,13.937708602512078,2
40.300000000000004,116.01,847,64.78031985933336,10.584889179298766,16
25.04,121.52,846,20.822943821665607,24.449248801797573,2
42.52,117.23,845,27.6584263480437,25.93353284844843,6
39.82,119.41,845,30.112464836433634,18.999222400278356,7
39.93,119.58,845,20.48023467194513,14.358598587202275,5
27.67,117.98,844,51.041250997062434,9.902006000445754,2
36.1,114.33,843,50.406123629768715,35.64421020632252,16
13.370000000000001,103.86,843,17.17075257394906,15.630465820402103,1
31.59,120.34,842,30.969128327812772,14.557703844549968,2
40.99,117.95,842,24.59236789096268,13.813629758741964,4
49.32,117.66,841,3.860704349977439,6.118675556018772,1
39.65,116.32000000000001,840,78.14731192626054,15.500759049093942,5
40.52,117.10000000000001,840,50.991521288087235,16.070803264825415,15
48.86,2.3000000000000003,840,1.740169964127422,3.2720837461034136,2
30.22,120.23,840,32.412472119136574,29.51410635089093,1
39.84,119.4,838,47.950586671287596,24.684559212962544,15
34.12,-118.34,838,68.20759996323918,18.63253353797226,2
40.09,116.59,838,15.210381911331028,12.654925745557657,7
40.06,116.24000000000001,838,46.39637208373688,20.110757214001367,15
29.64,121.57000000000001,837,2.213373407175164,2.083203350871321,1
39.79,116.45,836,50.6112572281495,21.445069841429024,7
25.26,110.29,836,14.207615034960432,11.077381167452469,2
39.79,119.43,835,7.735646405326345,6.668581649169192,3
40.04,116.5,834,6.827991138384436,11.266957479066386,3
39.81,119.44,834,29.368719599890493,14.778443115468663,7
40.11,116.62,833,40.64003157823746,22.177918006372284,4
38.87,115.48,833,60.38890639660368,29.91841866103682,16
40.44,117.0,833,64.6522375235108,15.746408647551066,19
34.13,-118.36,832,30.615829350066427,19.959326714269842,2
39.64,119.31,832,2.5813379934892913,6.989454644285137,2
24.740000000000002,110.49000000000001,832,10.957160302620354,6.418119132432336,2
48.09,-122.19,831,30.660092823549427,20.426858676986164,4
40.11,116.37,831,20.331646458882663,21.623882861383905,2
34.39,109.28,831,7.629016029501744,13.18925225787169,3
36.99,111.83,831,30.41187233259074,12.013487864711,1
33.61,-117.93,830,17.755754737278252,21.502801206999667,2
40.230000000000004,116.21000000000001,829,52.83612545223288,10.054150093565774,10
40.83,117.37,829,80.64729409825236,22.266235805251263,11
39.82,116.27,828,86.47677763563114,40.55982964268145,14
47.54,-121.84,828,4.638766892834386,6.686737482159655,1
40.71,117.17,828,52.26805327399137,13.920522046918853,12
40.33,116.65,827,53.587998145405386,21.142119116565308,11
18.22,109.52,826,5.780242650826672,5.013194404830887,1
40.96,117.94,826,26.83731369599954,13.065876478870441,10
40.31,116.01,825,63.85306746875072,10.634692535193802,16
37.35,110.74000000000001,825,10.631135013944242,17.662437438499182,1
46.6,125.02,825,27.60754793633937,12.762128290558374,1
25.25,110.28,823,16.56922927904186,18.302269026509975,3
39.9,116.65,822,48.65760055607858,32.254619795785686,10
40.38,116.25,822,15.176262724829472,15.850060829404232,2
32.97,114.03,822,20.463616950101937,14.908601845404876,3
40.58,117.15,821,54.08832030124534,12.027512821209545,17
40.300000000000004,116.62,821,46.28945043033314,12.070939376364713,9
39.84,116.31,820,11.103079369156646,18.05378319594782,4
22.25,114.17,820,2.966520458719745,4.739835999307705,2
31.27,121.48,820,8.267567534411258,9.329783810769136,3
39.86,116.64,819,62.61263465889821,17.437833296547762,2
40.51,117.07000000000001,819,56.171702051557936,18.18614232795558,18
22.55,114.08,819,9.398928293524055,15.574347366390182,3
1.29,103.83,818,7.015627097016802,10.995339161662507,1
25.04,121.57000000000001,818,21.917908703082492,24.029004783035024,2
39.72,116.10000000000001,817,61.98928754688567,26.96099455534743,7
30.18,120.28,817,31.806755336607207,20.903123360917046,1
47.63,-122.18,817,70.58462319798741,21.402191253820128,7
40.4,116.92,816,76.76152821262852,11.26315217849837,20
18.27,109.49000000000001,816,17.46778672884073,13.97797354183488,3
25.73,110.07000000000001,816,25.20003751435568,17.086796847676457,2
40.21,116.11,812,11.021860660921073,17.808367394671983,3
40.54,116.01,811,9.856667211101529,11.483677221700447,2
40.04,116.66,811,76.55283816895492,22.291739725666734,12
39.12,117.23,810,37.07013639252951,13.961728964049529,5
36.39,94.9,808,6.775796796056449,6.227837992900113,3
37.07,114.49000000000001,808,53.08378321297183,54.765425021673074,16
39.99,116.68,807,39.323382218316105,16.76532026731288,6
47.64,-122.19,807,82.30872185164573,18.951595326540037,7
23.02,113.73,806,14.673504716579808,16.29408810492216,1
43.77,11.25,806,4.427602455036852,3.9603785927681705,2
40.72,117.2,805,51.98372552325539,11.526322813725223,12
39.660000000000004,116.32000000000001,804,81.81322424525337,22.962905017776393,5
39.88,116.67,804,38.764752373559986,16.976101211424844,4
40.14,116.13,803,15.538503010934052,19.998870483679173,11
33.56,114.04,803,39.82176611683473,25.156134369038618,11
34.22,108.94,803,9.533041753120305,13.343883089076913,2
40.59,116.78,802,9.769161278206397,16.285576127955476,3
31.23,121.44,802,10.262514861382401,11.66530762070425,2
39.64,118.16,802,23.180121469996006,22.8269648612637,2
31.830000000000002,117.26,802,18.158877054647213,14.606374414171295,3
31.18,121.43,801,14.166218076631218,20.060658519642708,5
39.97,116.5,800,23.803879282953538,17.944525276736858,9
40.08,116.03,800,12.845333557759986,13.028991680610545,2
34.25,108.93,800,6.708864525074981,9.831733304591756,3
39.730000000000004,116.14,800,55.40723686786243,45.36430790191363,17
30.53,104.05,799,32.90097991477454,18.56484273277277,1
39.9,116.62,798,38.31578318197089,36.28193450138788,9
40.61,117.17,797,55.787981788343664,14.191141633880836,16
30.68,104.07000000000001,797,3.667275726256823,6.733341044073996,2
38.99,116.11,796,7.3448894237788265,16.388136630443135,1
40.4,116.84,795,46.07296572077211,15.963803397205378,9
18.31,109.15,794,8.252223642206818,12.14236291745723,1
36.03,103.83,793,5.222316723060985,8.309977703742971,1
39.83,116.27,792,91.47706196550719,21.74997151366135,14
39.81,116.49000000000001,792,53.13573043807191,22.96400765246788,11
36.61,114.47,791,55.438656667535355,47.45379013877207,16
39.95,116.66,790,11.144487200437705,22.806842116393888,8
40.6,117.17,789,62.72027975366824,15.984407801784608,16
40.13,116.62,789,53.01486431172652,33.581141524572416,4
40.39,116.84,789,41.61448648219144,18.39080540412656,8
36.62,101.79,788,10.60299532574422,12.999511720920287,2
37.550000000000004,126.99000000000001,788,3.7002698474715987,4.430491905884299,1
40.53,116.81,788,47.202577620691955,11.261283933610551,9
40.29,116.59,787,58.96816030488034,14.623734998894024,7
39.980000000000004,116.58,787,78.16206814145052,24.36650156241158,6
37.56,126.99000000000001,787,4.455792529527823,3.4268988587506226,1
40.44,115.98,786,30.23957805481023,21.140757984109356,12
47.62,-122.2,786,11.421902516457116,12.409538495503366,5
34.39,109.27,786,6.349789815790502,12.585610518889627,2
40.11,113.14,786,14.093681061150228,18.6708422422674,2
39.800000000000004,116.38,785,10.039066441966822,15.01483048421759,6
40.72,117.18,784,49.386038311433914,11.880297650777196,12
60.120000000000005,-149.44,783,10.3706724182665,15.657808143824614,1
47.660000000000004,-122.11,782,6.543417009101948,5.697086125591702,1
39.67,116.66,781,54.541570783751396,40.54843108524603,7
39.97,115.04,781,7.6449407640353835,10.340052012692873,1
40.08,116.25,781,38.38980984662701,21.429085833849474,8
42.0,128.03,780,1.9023541113209321,1.4021066173971064,2
39.87,116.2,779,81.20700691121974,17.124367690487283,15
50.1,8.67,779,7.807697503671615,10.35069484821216,1
32.87,91.53,779,23.812434356282296,32.31971825254426,3
40.17,116.32000000000001,778,58.48369058102319,30.569952113060815,8
27.68,117.98,778,55.84782237145602,6.1902973834747534,2
36.6,114.47,776,49.94359930091225,48.832461410606946,16
31.59,120.29,776,19.168172363607273,19.925432262485703,6
40.480000000000004,116.35000000000001,774,11.505640025686628,13.057271456287934,1
41.39,2.19,774,6.0521251531884275,8.121471286932378,2
40.12,116.61,772,36.64542117839872,27.32014107477722,14
